"","name","sequence"
"1",">AAB97359.1 IgG immunoreactive antigen, partial [Strongyloides stercoralis]","NSARVENQDQKDQLENQDQKDQLENQDQKNQLKNQSENQDQKNQLKNQSENQDQKKPIKKPIKKPGPKPIRPIVKPKPKTTTQAPEEPEGPEEPEGPEEPEGPEGPEEPEGPAGPEEPEGPAGPEEPEGPEEPEGPAGPEEPRDDDDGVDEEDERD"
"2",">sp|P01556|CHTB_VIBCH Cholera enterotoxin subunit B OS=Vibrio cholerae serotype O1 (strain ATCC 39315 / El Tor Inaba N16961) OX=243277 GN=ctxB PE=1 SV=1","MIKLKFGVFFTVLLSSAYAHGTPQNITDLCAEYHNTQIYTLNDKIFSYTESLAGKREMAIITFKNGAIFQVEVPGSQHIDSQKKAIERMKDTLRIAYLTEAKVEKLCVWNNKTPHAIAAISMAN"
"3",">sp|P03300|POLG_POL1M Genome polyprotein OS=Poliovirus type 1 (strain Mahoney) OX=12081 GN= PE=1 SV=3","MGAQVSSQKVGAHENSNRAYGGSTINYTTINYYRDSASNAASKQDFSQDPSKFTEPIKDVLIKTAPMLNSPNIEACGYSDRVLQLTLGNSTITTQEAANSVVAYGRWPEYLRDSEANPVDQPTEPDVAACRFYTLDTVSWTKESRGWWWKLPDALRDMGLFGQNMYYHYLGRSGYTVHVQCNASKFHQGALGVFAVPEMCLAGDSNTTTMHTSYQNANPGEKGGTFTGTFTPDNNQTSPARRFCPVDYLLGNGTLLGNAFVFPHQIINLRTNNCATLVLPYVNSLSIDSMVKHNNWGIAILPLAPLNFASESSPEIPITLTIAPMCCEFNGLRNITLPRLQGLPVMNTPGSNQYLTADNFQSPCALPEFDVTPPIDIPGEVKNMMELAEIDTMIPFDLSATKKNTMEMYRVRLSDKPHTDDPILCLSLSPASDPRLSHTMLGEILNYYTHWAGSLKFTFLFCGFMMATGKLLVSYAPPGADPPKKRKEAMLGTHVIWDIGLQSSCTMVVPWISNTTYRQTIDDSFTEGGYISVFYQTRIVVPLSTPREMDILGFVSACNDFSVRLLRDTTHIEQKALAQGLGQMLESMIDNTVRETVGAATSRDALPNTEASGPTHSKEIPALTAVETGATNPLVPSDTVQTRHVVQHRSRSESSIESFFARGACVTIMTVDNPASTTNKDKLFAVWKITYKDTVQLRRKLEFFTYSRFDMELTFVVTANFTETNNGHALNQVYQIMYVPPGAPVPEKWDDYTWQTSSNPSIFYTYGTAPARISVPYVGISNAYSHFYDGFSKVPLKDQSAALGDSLYGAASLNDFGILAVRVVNDHNPTKVTSKIRVYLKPKHIRVWCPRPPRAVAYYGPGVDYKDGTLTPLSTKDLTTYGFGHQNKAVYTAGYKICNYHLATQDDLQNAVNVMWSRDLLVTESRAQGTDSIARCNCNAGVYYCESRRKYYPVSFVGPTFQYMEANNYYPARYQSHMLIGHGFASPGDCGGILRCHHGVIGIITAGGEGLVAFSDIRDLYAYEEEAMEQGITNYIESLGAAFGSGFTQQISDKITELTNMVTSTITEKLLKNLIKIISSLVIITRNYEDTTTVLATLALLGCDASPWQWLRKKACDVLEIPYVIKQGDSWLKKFTEACNAAKGLEWVSNKISKFIDWLKEKIIPQARDKLEFVTKLRQLEMLENQISTIHQSCPSQEHQEILFNNVRWLSIQSKRFAPLYAVEAKRIQKLEHTINNYIQFKSKHRIEPVCLLVHGSPGTGKSVATNLIARAIAERENTSTYSLPPDPSHFDGYKQQGVVIMDDLNQNPDGADMKLFCQMVSTVEFIPPMASLEEKGILFTSNYVLASTNSSRISPPTVAHSDALARRFAFDMDIQVMNEYSRDGKLNMAMATEMCKNCHQPANFKRCCPLVCGKAIQLMDKSSRVRYSIDQITTMIINERNRRSNIGNCMEALFQGPLQYKDLKIDIKTSPPPECINDLLQAVDSQEVRDYCEKKGWIVNITSQVQTERNINRAMTILQAVTTFAAVAGVVYVMYKLFAGHQGAYTGLPNKKPNVPTIRTAKVQGPGFDYAVAMAKRNIVTATTSKGEFTMLGVHDNVAILPTHASPGESIVIDGKEVEILDAKALEDQAGTNLEITIITLKRNEKFRDIRPHIPTQITETNDGVLIVNTSKYPNMYVPVGAVTEQGYLNLGGRQTARTLMYNFPTRAGQCGGVITCTGKVIGMHVGGNGSHGFAAALKRSYFTQSQGEIQWMRPSKEVGYPIINAPSKTKLEPSAFHYVFEGVKEPAVLTKNDPRLKTDFEEAIFSKYVGNKITEVDEYMKEAVDHYAGQLMSLDINTEQMCLEDAMYGTDGLEALDLSTSAGYPYVAMGKKKRDILNKQTRDTKEMQKLLDTYGINLPLVTYVKDELRSKTKVEQGKSRLIEASSLNDSVAMRMAFGNLYAAFHKNPGVITGSAVGCDPDLFWSKIPVLMEEKLFAFDYTGYDASLSPAWFEALKMVLEKIGFGDRVDYIDYLNHSHHLYKNKTYCVKGGMPSGCSGTSIFNSMINNLIIRTLLLKTYKGIDLDHLKMIAYGDDVIASYPHEVDASLLAQSGKDYGLTMTPADKSATFETVTWENVTFLKRFFRADEKYPFLIHPVMPMKEIHESIRWTKDPRNTQDHVRSLCLLAWHNGEEEYNKFLAKIRSVPIGRALLLPEYSTLYRRWLDSF"
"4",">sp|P03530|VP6_ROTHW Intermediate capsid protein VP6 OS=Rotavirus A (strain RVA/Human/United States/Wa/1974/G1P1A[8]) OX=10962 GN= PE=3 SV=1","MEVLYSLSKTLKDARDKIVEGTLYSNVSDLIQQFNQMIVTMNGNDFQTGGIGNLPVRNWTFDFGLLGTTLLNLDANYVENARTIIEYFIDFIDNVCMDEMARESQRNGVAPQSEALRKLAGIKFKRINFDNSSEYIENWNLQNRRQRTGFVFHKPNIFPYSASFTLNRSQPMHDNLMGTMWLNAGSEIQVAGFDYSCAINAPANIQQFEHIVQLRRALTTATITLLPDAERFSFPRVINSADGATTWFFNPVILRPNNVEVEFLLNGQIINTYQARFGTIIARNFDAIRLLFQLMRPPNMTPAVNALFPQAQPFQHHATVGLTLRIESAVCESVLADANETLLANVTAVRQEYAIPVGPVFPPGMNWTELITNYSPSREDNLQRVFTVASIRSMLIK"
"5",">sp|P03532|VP7_ROTHW Outer capsid glycoprotein VP7 OS=Rotavirus A (strain RVA/Human/United States/Wa/1974/G1P1A[8]) OX=10962 GN= PE=3 SV=1","MYGIEYTTILIFLISIILLNYILKSVTRIMDYIIYRFLLITVALFALTRAQNYGLNLPITGSMDAVYTNSTQEEVFLTSTLCLYYPTEASTQINDGDWKDSLSQMFLTKGWPTGSVYFKEYSNIVDFSVDPQLYCDYNLVLMKYDQSLELDMSELADLILNEWLCNPMDVTLYYYQQSGESNKWISMGSSCTVKVCPLNTQTLGIGCQTTNVDSFEMIAENEKLAIVDVVDGINHKINLTTTTCTIRNCKKLGPRENVAVIQVGGSNVLDITADPTTNPQTERMMRVNWKKWWQVFYTIVDYINQIVQVMSKRSRSLNSAAFYYRV"
"6",">sp|P04949|FLIC_ECOLI Flagellin OS=Escherichia coli (strain K12) OX=83333 GN=fliC PE=1 SV=2","MAQVINTNSLSLITQNNINKNQSALSSSIERLSSGLRINSAKDDAAGQAIANRFTSNIKGLTQAARNANDGISVAQTTEGALSEINNNLQRVRELTVQATTGTNSESDLSSIQDEIKSRLDEIDRVSGQTQFNGVNVLAKNGSMKIQVGANDNQTITIDLKQIDAKTLGLDGFSVKNNDTVTTSAPVTAFGATTTNNIKLTGITLSTEAATDTGGTNPASIEGVYTDNGNDYYAKITGGDNDGKYYAVTVANDGTVTMATGATANATVTDANTTKATTITSGGTPVQIDNTAGSATANLGAVSLVKLQDSKGNDTDTYALKDTNGNLYAADVNETTGAVSVKTITYTDSSGAASSPTAVKLGGDDGKTEVVDIDGKTYDSADLNGGNLQTGLTAGGEALTAVANGKTTDPLKALDDAIASVDKFRSSLGAVQNRLDSAVTNLNNTTTNLSEAQSRIQDADYATEVSNMSKAQIIQQAGNSVLAKANQVPQQVLSLLQG"
"7",">sp|P0ABW7|CSOA_ECOLX CS1 fimbrial subunit A OS=Escherichia coli OX=562 GN=csoA PE=1 SV=1","MKLKKTIGAMALATLFATMGASAVEKTISVTASVDPTVDLLQSDGSALPNSVALTYSPAVNNFEAHTINTVVHTNDSDKGVVVKLSADPVLSNVLNPTLQIPVSVNFAGKPLSTTGITIDSNDLNFASSGVNKVSSTQKLSIHADATRVTGGALTAGQYQGLVSIILTKST"
"8",">sp|P0C774|V_MEASC Non-structural protein V OS=Measles virus (strain Ichinose-B95a) OX=645098 GN=P/V PE=1 SV=1","MAEEQARHVKNGLECIRALKAEPIGSLAVEEAMAAWSEISDNPGQDRATCKEEEAGSSGLSKPCLSAIGSTEGGAPRIRGQGSGESDDDAETLGIPSRNLQASSTGLQCYHVYDHSGEAVKGIQDADSIMVQSGLDGDSTLSGGDDESENSDVDIGEPDTEGYAITDRGSAPISMGFRASDVETAEGGEIHELLKLQSRGNNFPKLGKTLNVPPPPNPSRASTSETPIKKGHRREIGLIWNGDRVFIDRWCNPMCSKVTLGTIRARCTCGECPRVCEQCRTDTGVDTRIWYHNLPEIPE"
"9",">sp|P0CK93|FMC1_ECOLX CFA/I fimbrial subunit B OS=Escherichia coli OX=562 GN=cfaB PE=1 SV=1","MKFKKTIGAMALTTMFVAVSASAVEKNITVTASVDPAIDLLQADGNALPSAVKLAYSPASKTFESYRVMTQVHTNDATKKVIVKLADTPQLTDVLNSTVQMPISVSWGGQVLSTTAKEFEAAALGYSASGVNGVSSSQELVISAAPKTAGTAPTAGNYSGVVSLVMTLGS"
"10",">sp|P0CK95|ACFD_ECOLI Putative lipoprotein AcfD homolog OS=Escherichia coli (strain K12) OX=83333 GN=yghJ PE=3 SV=1","MNKKFKYKKSLLAAILSATLLAGCDGGGSGSSSDTPPVDSGTGSLPEVKPDPTPNPEPTPEPTPDPEPTPEPIPDPEPTPEPEPEPVPTKTGYLTLGGSQRVTGATCNGESSDGFTFKPGEDVTCVAGNTTIATFNTQSEAARSLRAVEKVSFSLEDAQELAGSDDKKSNAVSLVTSSNSCPANTEQVCLTFSSVIESKRFDSLYKQIDLAPEEFKKLVNEEVENNAATDKAPSTHTSPVVPVTTPGTKPDLNASFVSANAEQFYQYQPTEIILSEGRLVDSQGYGVAGVNYYTNSGRGVTGENGEFSFSWGETISFGIDTFELGSVRGNKSTIALTELGDEVRGANIDQLIHRYSTTGQNNTRVVPDDVRKVFAEYPNVINEIINLSLSNGATLGEGEQVVNLPNEFIEQFNTGQAKEIDTAICAKTDGCNEARWFSLTTRNVNDGQIQGVINKLWGVDTNYKSVSKFHVFHDSTNFYGSTGNARGQAVVNISNAAFPILMARNDKNYWLAFGEKRAWDKNELAYITEAPSLVEPENVTRDTATFNLPFISLGQVGEGKLMVIGNPHYNSILRCPNGYSWNGGVNKDGQCTLNSDPDDMKNFMENVLRYLSDDKWKPDAKASMTVGTNLDTVYFKRHGQVTGNSAAFDFHPDFAGISVEHLSSYGDLDPQEMPLLILNGFEYVTQVGNDPYAIPLRADTSKPKLTQQDVTDLIAYLNKGGSVLIMENVMSNLKEESASGFVRLLDAAGLSMALNKSVVNNDPQGYPNRVRQQRATGIWVYERYPAVDGALPYTIDSKTGEVKWKYQVENKPDDKPKLEVASWLEDVDGKQETRYAFIDEADHKTEDSLKAAKEKIFAAFPGLKECTNPAYHYEVNCLEYRPGTGVPVTGGMYVPQYTQLSLNADTAKAMVQAADLGTNIQRLYQHELYFRTNGRKGERLSSVDLERLYQNMSVWLWNDTSYRYEEGKNDELGFKTFTEFLNCYANDAYAGGTKCSADLKKSLVDNNMIYGDGSSKAGMMNPSYPLNYMEKPLTRLMLGRSWWDLNIKVDVEKYPGAVSEEGQNVTETISLYSNPTKWFAGNMQSTGLWAPAQKEVTIKSNANVPVTVTVALADDLTGREKHEVALNRPPRVTKTYSLDASGTVKFKVPYGGLIYIKGNSSTNESASFTFTGVVKAPFYKDGAWKNDLNSPAPLGELESDAFVYTTPKKNLNASNYTGGLEQFANDLDTFASSMNDFYGRDSEDGKHRMFTYKNLPGHKHRFTNDVQISIGDAHSGYPVMNSSFSPNSTTLPTTPLNDWLIWHEVGHNAAETPLTVPGATEVANNVLALYMQDRYLGKMNRVADDITVAPEYLEESNNQAWARGGAGDRLLMYAQLKEWAEKNFDIKKWYPDGTPLPEFYSEREGMKGWNLFQLMHRKARGDEVSNDKFGGKNYCAESNGNAADTLMLCASWVAQTDLSEFFKKWNPGANAYQLPGASEMSFEGGVSQSAYNTLASLDLPKPEQGPETINQVTEHKMSAE"
"11",">sp|P0DTB3|ORF2P_POL1M ORF2p protein OS=Poliovirus type 1 (strain Mahoney) OX=12081 GN= PE=3 SV=1","MVTITDCYHKANWIGHPVKVRLIIYLFAGSAPLSVFTLSTISTVISIRQLYHNGCSGFITESGRT"
"12",">sp|P10541|E1A_ADE40 Early E1A protein OS=Human adenovirus F serotype 40 OX=28284 GN= PE=3 SV=1","MRMLPDFFTGNWDDMFQGLLETEYVFDFPEPSEASEEMSLHDLFDVEVDGFEEDANQEAVDGMFPERLLSEAESAAESGSGDSGVGEELLPVDLDLKCYEDGLPPSDPETDEATEAEEEAAMPTYVNENENELVLDCPENPGRGCRACDFHRGTSGNPEAMCALCYMRLTGHCIYSPISDAEGESESGSPEDTDFPHPLTATPPHGIVRTIPCRVSCRRRPAVECIEDLLEEDPTDEPLNLSLKRPKCS"
"13",">sp|P10543|E1BS_ADE40 E1B protein, small T-antigen OS=Human adenovirus F serotype 40 OX=28284 GN= PE=3 SV=1","MELWSELQSYQNLRRLLELASARTSSCWRILFGSTLTNVIYRAKEEYSSRFADLLSHNPGIFASLNLGHHSFFQEIVIRNLDFSSPGRTVSGLAFICFILDQWSAQTHLSQGYTLDYMAMALWRTLLRRKRVLGCLPAQRPHGLDPVQEEEEEEENLRAGLDPSTEL"
"14",">sp|P10545|E1B55_ADE40 E1B 55 kDa protein OS=Human adenovirus F serotype 40 OX=28284 GN= PE=3 SV=1","MERPNSSVAGLYSGLHGNGSVENLATEEEGLRLLAGAASARFGSSAGRGGGGGEPEGRPGPFNGIVTEPDPEEGTSSGQRGGINGQRGTKRKMENEGEDFLKELTLSLMSRRHHESVWWADLEDEFKNGEMNLLYKYTFEQLKTHWLEAWEDFELALNTFAKVALRPDTIYTIKKTVNIRKCAYVLGNGAVVRFQTCDRVAFNCAMQSLGPGLIGMSGVTFMNVRFVVEGFNGTVFASTTQLTLHGVFFQNCSGICVDSWGRVSARGCTFVACWKGVVGRNKSQMSVKKCVFERCIMAMVVEGQARIRHNAGSDNVCFLLLKGTASVKHNMICGGGHSQLLTCADGNCQALRVFHVVSHPRRPWPVFEHNMLMRCTVHLGARRGMFSPYQSNFCHTKVLMETDAFSRVWWNGVFDLTMELFKVVRYDESKVRCRPCECGANHIRLYPATLNVTEQLRTDHQMMSCLRTDYESSDED"
"15",">sp|P11193|VP4_ROTHW Outer capsid protein VP4 OS=Rotavirus A (strain RVA/Human/United States/Wa/1974/G1P1A[8]) OX=10962 GN= PE=1 SV=3","MASLIYRQLLTNSYSVDLHDEIEQIGSEKTQNVTINPSPFAQTRYAPVNWGHGEINDSTTVEPILDGPYQPTTFTPPNDYWILINSNTNGVVYESTNNSDFWTAVVAIEPHVNPVDRQYTIFGESKQFNVSNDSNKWKFLEMFRSSSQNEFYNRRTLTSDTRFVGILKYGGRVWTFHGETPRATTDSSSTANLNNISITIHSEFYIIPRSQESKCNEYINNGLPPIQNTRNVVPLPLSSRSIQYKRAQVNEDIIVSKTSLWKEMQYNRDIIIRFKFGNSIVKMGGLGYKWSEISYKAANYQYNYLRDGEQVTAHTTCSVNGVNNFSYNGGSLPTDFGISRYEVIKENSYVYVDYWDDSKAFRNMVYVRSLAANLNSVKCTGGSYNFSIPVGAWPVMNGGAVSLHFAGVTLSTQFTDFVSLNSLRFRFSLTVDEPPFSILRTRTVNLYGLPAANPNNGNEYYEISGRFSLIYLVPTNDDYQTPIMNSVTVRQDLERQLTDLREEFNSLSQEIAMAQLIDLALLPLDMFSMFSGIKSTIDLTKSMATSVMKKFRKSKLATSISEMTNSLSDAASSASRNVSIRSNLSAISNWTNVSNDVSNVTNSLNDISTQTSTISKKFRLKEMITQTEGMSFDDISAAVLKTKIDMSTQIGKNTLPDIVTEASEKFIPKRSYRILKDDEVMEINTEGKFFAYKINTFDEVPFDVNKFAELVTDSPVISAIIDFKTLKNLNDNYGITRTEALNLIKSNPNMLRNFINQNNPIIRNRIEQLILQCKL"
"16",">sp|P11805|SF33K_ADE40 Protein 33K OS=Human adenovirus F serotype 40 OX=28284 GN=L4 PE=2 SV=2","MPPKGNKHPIAQRQSQQKLQKQWDEEETWDDSQAEEVSDEEAEEQMESWDSLDEEDLEDVEEETIASDKAPSFKKPVRSQPPKTIPPLPPQPCSLKASRRWDTVSIAGSPTAPAAPTKRLEKTPRVRKTSSAIATRQDSPATQELRKRIFPTLYAIFQQSRGQQLELKVKNRSLRSLTRSCLYHRSEDQLQRTLEDAEALFNKYCSVSLKD"
"17",">sp|P11806|DNB2_ADE40 DNA-binding protein OS=Human adenovirus F serotype 40 OX=28284 GN=DBP PE=3 SV=1","MAGRQQELPTITPYLQETSPERAPSLPPKKKLRKNVQVPDRVPVLPPSPEVVPDSEEEEEEVVYTGFSHPGVQVVQKASGKRYVRRLEPKGVPPPSEENNEEEEPSTSKAVTSVVLNPQAEPLVSAWEKGMDLMIKLMEKYHVEAEEKNGFKFLPEQSNVYRKICQTWLNEEHRGLPLTFTSHKTFVEMMGRFLRAYVESYAGVKNNEWEPTGCAIWLHGCTEQEGVLRCYHGLEMIQKEQLVEMDVASENAQRALKEHPSRAKVVQNRWGRSVVQLKNDDARCCVEDVSCATNVFSAKSCGLFFSEGTKAQTAFLQIEAFMQAEYPKMQNGLKRLLMVMRCDCLYKPTGVPQLGRQMCKATPFALSNVDSLRAEEVTDKVALASIQYPCVLVYQCANPVYRNSRGGQGPNCDFKISAPDLLGALQLVRRLWGENVDGPLPKMLIPEFKWSSRLQYRNVALPASHGDGEKEPF"
"18",">sp|P11819|CAPSH_ADE40 Hexon protein OS=Human adenovirus F serotype 40 OX=28284 GN=L3 PE=3 SV=3","MATPSMMPQWSYMHIAGQDASEYLSPGLVQFARATDTYFSLGNKFRNPTVAPTHDVTTDRSQRLTLRFVPVDREETAYSYKVRFTLAVGDNRVLDMASTYFDIRGVLDRGPSFKPYSGTAYNSLAPKGAPNPSQWTNQNKTNSFGQAPYIGQKITNQGVQVGSDSNNRDVFADKTYQPEPQVGQTQWNINPMQNAAGRILKQTTPMQPCYGSYARPTNEKGGQAKLVKNDDNQTTTTNVGLNFFTTATETANFSPKVVLYSEDVNLEAPDTHLVFKPDVNGTSAELLLGQQAAPNRPNYIGFRDNFIGLMYYNSTGNMGVLAGQASQLNAVVDLQDRNTELSYQLMLDALGDRSRYFSMWNQAVDSYDPDVRIIENHGVEDELPNYCFPLNGQGISNSYQGVKTDNGTNWSQNNTDVSSNNEISIGNVFAMEINLAANLWRSFLYSNVALYLPDSYKITPDNITLPDNKNTYAYMNGRVAVPSALDTYVNIGARWSPDPMDNVNPFNHHRNAGLRYRSMLLGNGRYVPFHIQVPQKFFAIKNLLLLPGSYTYEWNFRKDVNMILQSSLGNDLRVDGASVRFDSINLYANFFPMAHNTASTLEAMLRNDTNDQSFNDYLCAANMLYPIPANATSVPISIPSRNWAAFRGWSFTRLKTKETPSLGSGFDPYFTYSGSVPYLDGTFYLNHTFKKVSVMFDSSVSWPGNDRLLTPNEFEIKRTVDGEGYNVAQCNMTKDWFLIQMLSHYNIGYQGFHVPESYKDRMYSFFRNFQPMSRQVVDTTTYTEYQNVTLPFQHNNSGFVGYMGPAIREGQAYPANYPYPLIGQTAVPSLTQKKFLCDRTMWRIPFSSNFMSMGALTDLGQNMLYANSAHALDMTFEVDPMDEPTLLYVLFEVFDVVRIHQPHRGVIEAVYLRTPFSAGNATT"
"19",">sp|P11821|CAP8_ADE40 Pre-hexon-linking protein VIII OS=Human adenovirus F serotype 40 OX=28284 GN=L4 PE=3 SV=2","MSKDIPTPYMWSYQPQMGLAAGASQDYSSRMNWLSAGPHMIGRVNGIRATRNQILLEQAALTSTPRRQLNPPSWPAAQVYQENPAPTTVLLPRDAEAEVQMTNSGAQLAGGARHVRFRDRPSPYSSGSIKRLIIRGRGIQLNDEVVSSSTGPRPDGVFQLGGAGRSSFTPRQAYLTLQSSSSQPRSGGIGTLQFVEEFVPSVYFNPFSGAPGLYPDDFIPNYDAVSESVDGYD"
"20",">sp|P11823|SHUT_ADE40 Shutoff protein OS=Human adenovirus F serotype 40 OX=28284 GN=L4 PE=3 SV=2","MEEDLKLQPDSETLTTPNSEVGAVELVKHEEENEQVEQDPGYVTPPEDGKEPVAALSEPNYLGGEDDVLLKHIARQSTIVREALKECTQTPLTVEELSRAYEANLFSPRVPPKKQPNGTCETNPRLNFYPVFAVPEALATYHIFFKNQRIPLSCRANRTRGDGLLHLKAGAHIPEIVSLEEVPKIFEGLGKDEKRAANALQKNETENQNVLVELEGDNARLAVLKRTIEVSHFAYPALNLPPKVMRSVMDQVLIKRAEPIDPQQPDLNSEDGQPVVSDDELARWLGTQDPSELQERRKMMMAAVLVTVELECLQRFFANPQTLRKVEESLHYAFRHGYVRQACKISNVELSNLISYMGILHENRLGQNVLHCTLQGEARRDYVRDCIYLFLILTWQTAMGVWQQCLEEQNLQELNKLLVRARRELWTSFDERTVARQLANLIFPERLMQTLQNGLPDFVSQSILQNFRSFVLERSGILPAMSCALPSDFVPLCYRECPPPLWSHCYLLRLANYLAHHSDLMEDSSGDGLLECHCRCNLCTPHRSLVCNTELLSETQVIGTFEIQGPEQQEGASSLKLTPALWTSAYLRKFIPEDYHAHQIKFYEDQSRPPKVPLTACVITQSQILAQLQAIQQARQEFLLKKGHGVYLDPQTGEELNTPSLSAAASCRSQKHATQGKQASHRATAIPAETTKAVGRGGDVGRQPGRGSFRRGGGGADGELGQPRRGGPRGRGGRNHRQRQGTIFQKTRSEPTSENYPAPATATMFTESQP"
"21",">sp|P11825|PRO_ADE40 Protease OS=Human adenovirus F serotype 40 OX=28284 GN=L3 PE=3 SV=1","MGSSEQELVAIVRELGCGPYFLGTFDKRFPGFMAPHKLACAIVNTAGRETGGVHWLALAWNPKNRTCYLFDPFGFSDERLKQIYQFEYEGLLKRSALASTPDHCITLIKSTQTVQGPFSAACGLFCCMFLHAFVNWPTSPMERNPTMDLLTGVPNSMLQSPQVVPTLRHNQERLYRFLAQRSPYFQRHCERIKKATAFDQMKNNM"
"22",">sp|P12812|P40_SCHMA Major egg antigen OS=Schistosoma mansoni OX=6183 PE=2 SV=1","MSGGKQHNAVSIPVNREQRSFEKQRRDLLTGLEHGGGAHRGNSIAPYTEDWPSTVDNWIDSSWKRWDDDMRRLRRGMFALLPLDTFSIGILENPFALMHQMDRQIQDIRERMGSLDVPSTGSVNDFLKDAYEVGEDGKVHFKVRFDAQGFAPQDINVTSSENRVTVHAKKETTTDGRKCSREFCRMVQLPKSIDDSQLKCRMTDDGVLMLEAPVKVDQNQSLTLNESGQVAVRPKSDNQIKAVPASQALVAKGVHGLSYVDDGSGGKRLHVEVAVDPVYKPEDLFVNVDSNRVVVSGRHHKQKSDQHGRSSSFAEFSQSYAIPETVDPLSVSAQVVGNTLVLEAPLEKQHAITH"
"23",">sp|P15078|CSTA_ECOLI Peptide transporter CstA OS=Escherichia coli (strain K12) OX=83333 GN=cstA PE=1 SV=3","MNKSGKYLVWTVLSVMGAFALGYIALNRGEQINALWIVVASVCIYLIAYRFYGLYIAKNVLAVDPTRMTPAVRHNDGLDYVPTDKKVLFGHHFAAIAGAGPLVGPVLAAQMGYLPGMIWLLAGVVLAGAVQDFMVLFVSTRRDGRSLGELVKEEMGPTAGVIALVACFMIMVIILAVLAMIVVKALTHSPWGTYTVAFTIPLALFMGIYLRYLRPGRIGEVSVIGLVFLIFAIISGGWVAESPTWAPYFDFTGVQLTWMLVGYGFVAAVLPVWLLLAPRDYLSTFLKIGTIVGLAVGILIMRPTLTMPALTKFVDGTGPVWTGNLFPFLFITIACGAVSGFHALISSGTTPKMLANEGQACFIGYGGMLMESFVAIMALVSACIIDPGVYFAMNSPMAVLAPAGTADVVASAAQVVSSWGFSITPDTLNQIASEVGEQSIISRAGGAPTLAVGMAYILHGALGGMMDVAFWYHFAILFEALFILTAVDAGTRAARFMLQDLLGVVSPGLKRTDSLPANLLATALCVLAWGYFLHQGVVDPLGGINTLWPLFGIANQMLAGMALMLCAVVLFKMKRQRYAWVALVPTAWLLICTLTAGWQKAFSPDAKVGFLAIANKFQAMIDSGNIPSQYTESQLAQLVFNNRLDAGLTIFFMVVVVVLALFSIKTALAALKDPKPTAKETPYEPMPENVEEIVAQAKGAH"
"24",">sp|P18010|IPAA_SHIFL Invasin IpaA OS=Shigella flexneri OX=623 GN=ipaA PE=1 SV=1","MHNVNNTQAPTFLYKATSPSSTEYSELKSKISDIHSSQTSLKTPASVSEKENFATSFNQKCLDFLFSSSGKEDVLRSIYSNSMNAYAKSEILEFSNVLYSLVHQNGLNFENEKGLQKIVAQYSELIIKDKLSQDSAFGPWSAKNKKLHQLRQNIEHRLALLAQQHTSGEALSLGQKLLNTEVSSFIKNNILAELKLSNETVSSLKLDDLVDAQAKLAFDSLRNQRKNTIDSKGFGIGKLSRDLNTVAVFPELLRKVLNDILEDIKDSHPIQDGLPTPPEDMPDGGPTPGANEKTSQPVIHYHINNDNRTYDNRVFDNRVYDNSYHENPENDAQSPTSQTNDLLSRNGNSLLNPQRALVQKVTSVLPHSISDTVQTFANNSALEKVFNHTPDNSDGIGSDLLTTSSQERSANNSLSRGHRPLNIQNSSTTPPLHPEGVTSSNDNSSDTTKSSASLSHRVASQINKFNSNTDSKVLQTDFLSRNGDTYLTRETIFEASKKVTNSLSNLISLIGTKSGTQERELQEKSKDITKSTTEHRINNKLKVTDANIRNYVTETNADTIDKNHAIYEKAKEVSSALSKVLSKIDDTSAELLTDDISDLKNNNDITAENNNIYKAAKDVTTSLSKVLKNINKD"
"25",">sp|P18011|IPAB_SHIFL Invasin IpaB OS=Shigella flexneri OX=623 GN=ipaB PE=1 SV=2","MHNVSTTTTGFPLAKILTSTELGDNTIQAANDAANKLFSLTIADLTANQNINTTNAHSTSNILIPELKAPKSLNASSQLTLLIGNLIQILGEKSLTALTNKITAWKSQQQARQQKNLEFSDKINTLLSETEGLTRDYEKQINKLKNADSKIKDLENKINQIQTRLSELDPESPEKKKLSREEIQLTIKKDAAVKDRTLIEQKTLSIHSKLTDKSMQLEKEIDSFSAFSNTASAEQLSTQQKSLTGLASVTQLMATFIQLVGKNNEESLKNDLALFQSLQESRKTEMERKSDEYAAEVRKAEELNRVMGCVGKILGALLTIVSVVAAAFSGGASLALAAVGLALMVTDAIVQAATGNSFMEQALNPIMKAVIEPLIKLLSDAFTKMLEGLGVDSKKAKMIGSILGAIAGALVLVAAVVLVATVGKQAAAKLAENIGKIIGKTLTDLIPKFLKNFSSQLDDLITNAVARLNKFLGAAGDEVISKQIISTHLNQAVLLGESVNSATQAGGSVASAVFQNSASTNLADLTLSKYQVEQLSKYISEAIEKFGQLQEVIADLLASMSNSQANRTDVAKAILQQTTA"
"26",">sp|P18012|IPAC_SHIFL Invasin IpaC OS=Shigella flexneri OX=623 GN=ipaC PE=1 SV=2","MEIQNTKPTQTLYTDISTKQTQSSSETQKSQNYQQIAAHIPLNVGKNPVLTTTLNDDQLLKLSEQVQHDSEIIARLTDKKMKDLSEMSHTLTPENTLDISSLSSNAVSLIISVAVLLSALRTAETKLGSQLSLIAFDATKSAAENIVRQGLAALSSSITGAVTQVGITGIGAKKTHSGISDQKGALRKNLATAQSLEKELAGSKLGLNKQIDTNITSPQTNSSTKFLGKNKLAPDNISLSTEHKTSLSSPDISLQDKIDTQRRTYELNTLSAQQKQNIGRATMETSAVAGNISTSGGRYASALEEEEQLISQASSKQAEEASQVSKEASQATNQLIQKLLNIIDSINQSKNSAASQIAGNIRA"
"27",">sp|P18013|IPAD_SHIFL Invasin IpaD OS=Shigella flexneri OX=623 GN=ipaD PE=1 SV=1","MNITTLTNSISTSSFSPNNTNGSSTETVNSDIKTTTSSHPVSSLTMLNDTLHNIRTTNQALKKELSQKTLTKTSLEEIALHSSQISMDVNKSAQLLDILSRNEYPINKDARELLHSAPKEAELDGDQMISHRELWAKIANSINDINEQYLKVYEHAVSSYTQMYQDFSAVLSSLAGWISPGGNDGNSVKLQVNSLKKALEELKEKYKDKPLYPANNTVSQEQANKWLTELGGTIGKVSQKNGGYVVSINMTPIDNMLKSLDNLGGNGEVVLDNAKYQAWNAGFSAEDETMKNNLQTLVQKYSNANSIFDNLVKVLSSTISSCTDTDKLFLHF"
"28",">sp|P18047|SPIK1_ADE40 Fiber protein 1 OS=Human adenovirus F serotype 40 OX=28284 GN= PE=2 SV=1","MKRARFEDDFNPVYPYEHYNPLDIPFITPPFASSNGLQEKPPGVLSLKYTDPLTTKNGALTLKLGTGLNIDKNGDLSSDASVEVSAPITKTNKIVGLNYTKPLALQNNALTLSYNAPFNVVNNNLALNMSQPVTINANNELSLLIDAPLNADTGTLRLRSDAPLGLVDKTLKVLFSSPLYLDNNFLTLAIERPLALSSNRAVALKYSPPLKIENENLTLSTGGPFTVSGGNLNLATSAPLSVQNNSLSLGVNPPFLITDSGLAMDLGDGLALGGSKLIINLGPGLQMSNGAITLALDAALPLQYKNNQLQLRIGSASALIMSGVTQTLNVNANTSKGLAIENNSLVVKLGNGLRFDSWGSIAVSPTTTTPTTLWTTADPSPNATFYESLDAKVWLVLVKCNGMVNGTISIKAQKGTLLKPTASFISFVMYFYSDGTWRKNYPVFDNEGILANSATWGYRQGQSANTNVSNAVEFMPSSKRYPNEKGSEVQNMALTYTFLQGDPNMAISFQSIYNHAIEGYSLKFTWRVRNNERFDIPCCSFSYVTEQ"
"29",">sp|P18048|SPIK2_ADE40 Fiber protein 2 OS=Human adenovirus F serotype 40 OX=28284 GN= PE=2 SV=3","MKRTRIEDDFNPVYPYDTSSTPSIPYVAPPFVSSDGLQENPPGVLALKYTDPITTNAKHELTLKLGSNITLQNGLLSATVPTVSPPLTNSNNSLGLATSAPIAVSANSLTLATAAPLTVSNNQLSINTGRGLVITNNAVAVNPTGALGFNNTGALQLNAAGGMRVDGANLILHVAYPFEAINQLTLRLENGLEVTNGGKLNVKLGSGLQFDNNGRITISNRIQTRGVTSLTTIWSISPTPNCSIYETQDANLFLCLTKNGAHVLGTITIKGLKGALREMNDNALSVKLPFDNQGNLLNCALESSTWRYQETNAVASNALTFMPNSTVYPRNKTADPGNMLIQISPNITFSVVYNEINSGYAFTFKWSAEPGKPFHPPTAVFCYITEQ"
"30",">sp|P23126|SM25_SCHMA Antigenic integral membrane glycoprotein OS=Schistosoma mansoni OX=6183 GN= PE=1 SV=1","MFSFHERMKKKHVTIRVYKHERILVFLFVLFISTTDFSTEIIMIQTINWIVWKLFIIYISLDLFSLKLVNSEENSNSIITDEDYDHYNSSLDSSNNVKHSQEAFHRNSDPDGFPEYEFLNETSIEIKEELGQELHQLQLILDELSRRIRATPNSANKYMKNEFLMSSCIVITLNLFIFMYKS"
"31",">sp|P25731|CSOB_ECOLX CS1 fimbrial subunit B OS=Escherichia coli OX=562 GN=csoB PE=3 SV=1","MRKLFLSLLMIPFVAKANFMIYPISKEIKGGSSELIRIYSKSKDTQYIKVYTKKVLNPGTKEEYEVDTPNWEGGLVTTPSKVILPGGGSKSVRLSQLKDISSEDVYRVYFESIKPEKQDGLSKNKSLKTDLSVNIIYAALIRVLPKDGKSDMRASLSPKSSLLIKNTGNVRVGIKDAFFCKKTSINNDDCIKKTYNKNIYPGSSFDTGVIQNGFSHIFIDSVDGSAGKQGKRMLISIH"
"32",">sp|P25733|CFAC_ECOLX CFA/I fimbrial subunit C OS=Escherichia coli OX=562 GN=cfaC PE=3 SV=1","MKHKKKNRLVVAISVALIPYIGVTGDIPDSFRDLWGEQDEFYEVKLYGQTLGIHRIKTTPTHIKFYSPESILDKINLKKEKEKELSVFFTNSFSRNGNMSCQGNTTIQYNCNYIKTKSVDVIVDDVDNVVNLFIGNEFLDSEAHNDEYHQLSRNVKKAFIQSQTINLSDSGKYKRLSISGNSALGITDTSYAVLNWWMNYNKSNGYSNNEKTINSLYFRHDLDKRYYYQFGRMDRTDLSQSISGSFNFNLLPLPDIDGIRTGTTQSYIKNTDKFIASPVTVMLTNFSRVEAFRNDQLLGVWYLDSGVNELDTARLPYGSYDLKLKIFENTQLVREEIIPFNKGRSSIGDMQWDIFVQGGNIVNDNDRYIEKQNNHKSSINTGLRLPITKNISVQQGVSVIDNKSYYEGSLKWNSGILSGSLNSEFSFLWGDNAKGNYQSISYTDGFSLSFYHNDKRVDNCGRNYNAGWSGCYESYSASLSIPLLGWTSTLGYSDTYSESVYKSHILSEYGFYNQNIYKGRTQRWQLTSSTSLKWMDYNFMPAIGIYNSEQRQLTDKGGYISVTITRASRENSLNTGYSYNYSRGNYSSNELFVDGYMTSTNNGDYHEAGMRFNKNRHNAEGRLSGRINNRFGDLNGSFSMNKNRNTNSTNHSLTGGYNSSFALTSDGFYWGGSTAGLTKLAGGIIKVKSNDTKKNLVKVTGTLYGDYSLGSNDNAFIPVPALTPASLIIEDNNYGDNNISILAPTNNDMFMLPGNVYPVEIETKVSVSYIGRGFDPNGTPLSGAHVLNEPHVILDEDGGFSFEYTGNEKTLFLLKGRTIYTCQLGKNKVHKGIVFVGDVICDINSTSSLPDEFVKNPRVQDLLAKNDKG"
"33",">sp|P25734|CFAE_ECOLX CFA/I fimbrial subunit E OS=Escherichia coli OX=562 GN=cfaE PE=1 SV=1","MNKILFIFTLFFSSGFFTFAVSADKNPGSENMTNTIGPHDRGGSSPIYNILNSYLTAYNGSHHLYDRMSFLCLSSQNTLNGACPSSDAPGTATIDGETNITLQFTEKRSLIKRELQIKGYKQFLFKNANCPSKLALNSSHFQCNREQASGATLSLYIPAGELNKLPFGGVWNAVLKLNVKRRYDTTYGTYTINITVNLTDKGNIQIWLPQFKSNARVDLNLRPTGGGTYIGRNSVDMCFYDGYSTNSSSLEIRFQDDNSKSDGKFYLKKINDDSKELVYTLSLLLAGKNLTPTNGQALNINTASLETNWNRITAVTMPEISVPVLCWPGRLQLDAKVKNPEAGQYMGNIKITFTPSSQTL"
"34",">sp|P48309|CAP6_ADE40 Pre-protein VI OS=Human adenovirus F serotype 40 OX=28284 GN=L3 PE=3 SV=1","MEDINFASLAPRHGSRPFMGTWNEIGTSQLNGGAFSWSSLWSGIKNFGSSIKSFGNKAWNSNTGQMLRDKLKDQNFQQKVVDGLASGINGVVDIANQALQNQINQRLENSRQPPVALQQRPPPKVEEVEVEEKLPPLEVAPPLPSKGEKRPRPDLEETLVVESREPPSYEQALKEGASPYPMTKPIGSMARPVYGKESKPVTLELPPPVPTVPPMPAPTLGTAVSRPTAPTVAVATPARRPRGANWQSTLNSIVGLGVKSLKRRRCY"
"35",">sp|P48311|DPOL_ADE40 DNA polymerase OS=Human adenovirus F serotype 40 OX=28284 GN=POL PE=3 SV=1","MALVPSPRAGGFLPAETHSGPQPPRRRVRQSTAGAAPTATRAPRRRAATASPGEPPSTTASGRPPAANNVSLTPNSRLRGTIVAPRGQGLLYAIDTATNSPMEIKFHRRLASALTRLLQVNLRSVPADLNEAFLDSLDSSQIRTLALKLKVPRVEVWTCGSRGVVVPSIIHPQQERAGAEEGDEGERQDTEDFLNFPLRFLVRGRQVHLIQEMQSVQRCEYCARFYKYQHECTVRRRDFYFHHINAHSSGWWQKINFFPIGSHPRVERLFVTYDVETYTWMGAFGKQLVPFMLVMHLSGEEALVKEACRLACELQWDTWGNDERTFYVVTPEKLAVGKKFREYRNRLQAHFALQLWRGFLAANPQLAEWACLEMGLFSPDYLTYEELQKAPKLQGRPRFLELYIVGHNINGFDEIVLAAQVINNRSDVPGPFKITRNFMPRAGKILFNDITFALPNPSSKKRTDYRLWEQGACDDSDFKYQFLKVMVRDTFALTHTSLRKAAQAYTLPVEKGCCPYKAVNEFYMLGSYRADERGFPAEDYWKDREEYLLNRELWEKKQCPHYDLVRETLDYCALDVLVTAALVQKLRESYAQFIRDAVGLPEASFNVFQRPTISSNSHAIFRQILYRTVKPQRSDLGGSLLAPSHEMYDYVRASIRGGRCYPTYIGVLREPLYVYDICGMYASALTHPMPWGFPLNPYERALAVRDWEHALLQVGTPIDYFNRTLLPGIFTIDADPPPENLLDVLPPLCSRKGGRLCWTNEPLRGEVVTSVDLITLHNRGWHVRLLPDERATVFPEWRCVAKEYVHLNITAKERADREKNQTLRSIAKLLSNALYGSFATKLDNKKIVFSDQMDSATIKSIAAGQINIKSTSFVETDTLSAEVMPTFQRAYSPEQLAVVHSDAEESDEEPGHAPFYTPTHKPNDHVTYTYKPITFMDAEEDDLCLHTLEKVDPLVENNRYPSQIASFVLAWTRAFVSEWSEILYAEDRGTPLEQRTLKSVYGDTDSLFVTEAGYRLMETRGKKRIKKHGGNLVFDPKHPELAWLVECETVCAQCGADAYSPESVFLAPKLYALKCLRCPSCQQISKGKLRAKGHAAETLNYDLMLKCYLADFQGEDARFHTSRMSLKRTLASAQPGARPFTVTETNLTRTLRPWKDITLAPLDAHRLVPYSQSRPNPRNQEVCWIEMP"
"36",">sp|P48312|CAP9_ADE40 Hexon-interlacing protein OS=Human adenovirus F serotype 40 OX=28284 GN=IX PE=3 SV=1","MSGFTEGNAVSFEGGVFSPYLTTRLPSWAGVRQNVVGSNVDGRPVAPANSTTLTYATIGSSVDTAAAAAASAAASTARGMAADFGLYNQLAASRLREEDALSVVLTRLEELSQQLQDMSAKMALLNPPANTS"
"37",">sp|P48313|TERM_ADE40 Preterminal protein OS=Human adenovirus F serotype 40 OX=28284 GN=PTP PE=3 SV=1","MALSVQDCARLTGQSVPAMERFSPLRNIWNRVREYARAATTAAGITWLSRYVYHYHRLMLEDLAPGTPATLRWPLYREPPPHFLVGYQYLVRTCNDYVFESRAYSRLRYTEITQPGMQVVNWSVMANCTYTINTGSYHRFVDLDDFQNTLTQIQQAVLAERVVADLALLQPLRGFGSTRMADRGELEIPVESLMQDYYKDLRRCQNEAWGMADRLRIQQAGPKDVTLLATIRRLKTAYFNFLISSITSSAASLRIPHATVLSLPCDCDWLEAFLEKFSDPVQLDSLNEAWQSLPMQQMIRCTVSALSLPQGPHLLPPLSGSGMQGGVFELRPRENGRAVTETMRRRRGEMIQRFIDRLPVRRRRRRQPVPAPVSPEGPAVEEEEFMEIEETPAAFEQEVRETVAEAIRLLQEELTFAARNSQFFNFAVDFYEAMDRLEALGDINEMTLRRWVMYFFVCEHIATTLNYLFQRLRNYAVFARHVELNIAQVVMRARNTVGDVVYSRVWNENGLNAFSQLMRRISNDLAATVERAGHGELQDEEIDQFMSEIAYQDNSGDVQEILRQAAVNDADIDSVELSFRFRVRGPVVFSQRRHIQDLNRRVVAYASQLRAQHQPLPELHADVPLPPLQANPHPPLPPDARPQRTM"
"38",">sp|P48752|PKG1_ADE40 Packaging protein 1 OS=Human adenovirus F serotype 40 OX=28284 GN=IVa2 PE=3 SV=1","METRGRRRAFSHQQDEPEENPGKRPTRSAPLYRHRNQPNANPATLERHYPCSTGRPPTGTVQPKPSQPPQPRSLLDRDAIDHITELWDRLYLLRQSLEKMTMADGLKPLKHFRSLEELLSLGGERLLQDLVKENQHVRSMMNEVTPLLREDGSCISLNYQLQPVIGVIYGPTGCGKSQLLRNLLSTQLINPPPETVFFIAPQVDMIPPSEIKAWEMQICEGNYAPGPEGTIIPQSGTLLPRFIKMAYDELTLEQNYDVSHPDNIFAKAASQGPIAIIMDECMENLGGHKGVSKFFHAFPSKLHDKFPKCTGYTVLVVLHNMNPRRDLGGNIANLKIQAKMHLISPRMHPSQLNRFVNTFTKGLPLAISLLLKDIFQFHAQKPCYDWIIYNTTPEHDALQWSYLHPRDGLMPMYLNIQAHLYRVLENIHKVLNDRDRWSRAYRKRNK"
"39",">sp|P48753|CORE5_ADE40 Core-capsid bridging protein OS=Human adenovirus F serotype 40 OX=28284 GN=L2 PE=3 SV=1","MSKRKFKEELLEALVPEIYGPAADVKPDIKPRVLKRVKKREKKEEKEEAGLLDDGVEFVRSFAPRRRVQWRGRKVQRVLRPGTTVVFTPGERSVTRALKRDYDEVYADEDILEQAAQQVGEFAYGKRGRYGELGLLLDQSNPTPSLKPATAQQILPVTEIKRGVKRENKDELQPTMQLMVPKRQKLEEVLENMKVDPSVEPEVKVRPIKEIGPGLGVQTVDIQIPVRASSSTVSTAVEAMETQPELPEAVARAVAATREMGLQTDPWYEFVAPTSRPRSRKYTTANSILPEYALHPSITPTPGYRGTTFKPSRTRSTRRRRSVRRRSRRTAPISVRRVTRRGRTLTLPNARYHPSILV"
"40",">sp|P50610|FLGE_HELPY Flagellar hook protein FlgE OS=Helicobacter pylori (strain ATCC 700392 / 26695) OX=85962 GN=flgE PE=1 SV=2","MLRSLWSGVNGMQAHQIALDIESNNIANVNTTGFKYSRASFVDMLSQVKLIATAPYKNGLAGQNDFSVGLGVGVDATTKIFSQGNIQNTDVKTDLAIQGDGFFIISPDRGITRNFTRDGEFLFDSQGSLVTTGGLVVQGWVRNGSDTGNKGSDTDALKVDNTGPLENIRIDPGMVMPARASNRISMRANLNAGRHADQTAAIFALDSSAKTPSDGINPVYDSGTNLAQVAEDMGSLCNEDGDALLLNENQGIWVSYKSAKMVKDILPSAENSTLELNGVKISFTNDSAVSRTSSLVAAKNAINAVKSQTGIEAYLDGKQLRLENTNELDGDEKLKNIVVTQAGTGAFANFLDGDKDVTAFKYSYTHSISPNADIGQFRTTEDLRALIQHDANIVKDPSLADNYQDSAASIGVSVNQYGMFEINNKDNKNVIKENLNIFVSGYSSDSVTNNVLFKNAMKGLNTASLIEGGASASSSKFTHATHATSIDVIDSLGTKHAMRIEFYRSGGAEWNFRVIVPEPGELVGGSAARPNVFEGGRLHFNNDGSLAGMNPPLLQFDPKNGADAPQRINLAFGSSGSFDGLTSVDKISETYAIEQNGYQAGDLMDVRFDSDGVLLGAFSNGRTLALAQVALANFANDAGLQALGGNVFSQTGNSGQALIGAANTGRRGSISGSKLESSNVDLSRSLTNLIVVQRGFQANSKAVTTSDQILNTLLNLKQ"
"41",">sp|P53508|CSSA1_ECOLX CS6 fimbrial subunit A OS=Escherichia coli OX=562 GN=cssA PE=1 SV=1","MKKTIGLILILASFGSHARTEIATKNFPVSTTISKSFFAPEPQIQPSFGKNVGKEGGLLFSVSLTVPENVSQVTVYPVYDEDYGLGRLVNTADDSQSIIYQIVDDKGRKMLKDHGAEVTPNQQITFRALNYTSGDKEIPPGIYNDQVMVGYYVN"
"42",">sp|P53510|CSSB1_ECOLX CS6 fimbrial subunit B OS=Escherichia coli OX=562 GN=cssB PE=1 SV=1","MLKKIIPAIVLIAGTSGVVNAGNWQYKSLDVNVNIEQNFIPDIDSAVRIIPVNYDSDPKLNSQLYTVEMTIPAGVSAVKIVPTDSLTSSGQQIGKLVNVNNPDQNMNYYIRKDSGAGKFMAGQKGSFSVKENTSYTFSAIYTGGEYPNSGYSSGTYAGHLTVSFYSN"
"43",">sp|P54634|POLG_LORDV Genome polyprotein OS=Lordsdale virus (strain GII/Human/United Kingdom/Lordsdale/1993) OX=82658 GN=ORF1 PE=3 SV=1","MKMASNDASAAAVVNSNNDTAKSSSDGVLSSMAVTFKRALGGRAKQPPPRETPQRPPRPPTPELVKKIPPPPPNGEDELVVSYSVKDGVSGLPELSTVRQPDEANTAFSVPPLNQRENRDAKEPLTGTILEMWDGEIYHYGLYVERGLVLGVHKPPAAISLAKVELTPLSLFWRPVYTPQYLISPDTLKRLHGESFPYTAFDNNCYAFCCWVLDLNDSWLSRRMIQRTTGFFRPYQDWNRKPLPTMDDSKLKKVANVFLCALSSLFTRPIKDIIGKLRPLNILNILASCDWTFAGIVESLILLAELFGVFWTPPDVSAMIAPLLGDYELQGPEDLAVELVPIVMGGIGLVLGFTKEKIGKMLSSAASTLRACKDLGAYGLEILKLVMKWFFPKKEEANELAMVRSIEDAVLDLEAIENNHMTTLLKDKDSLATYMRTLDLEEEKARKLSTKSASPDIVGTINALLARIAAARSLVHRAKEELSSRLRPVVVMISGKPGIGKTHLARELAKRIAASLTGDQRVGLIPRNGVDHWDAYKGERVVLWDDYGMSNPIHDALRLQELADTCPLTLNCDRIENKGKVFDSDAIIITTNLANPAPLDYVNFEACSRRIDFLVYAEAPEVEKAKRDFPGQPDMWKNAFSPDFSHIKLALAPQGGFDKNGNTPHGKGVMKTLTTGSLIARASGLLHERLDEYELQGPALTTFNFDRNKVLAFRQLAAENKYGLMDTMKVGRQLKDVRTMPELKQALKNISIKRCQIVYSGCTYTLESDGKGNVKVDRVQSATVQTNHELAGALHHLRCARIRYYVKCVQEALYSIIQIAGAAFVTTRIVKRMNIQDLWSKPQVEDTEDTANKDGCPKPKDDEEFVVSSDDIKTEGKKGKNKTGRGKKHTAFSSKGLSDEEYDEYKRIREERNGKYSIEEYLQDRDKYYEEVAIARATEEDFCEEEEAKIRQRIFRPTRKQRKEERASLGLVTGSEIRKRNPDDFKPKGKLWADDDRSVDYNEKLDFEAPPSIWSRIVNFGSGWGFWVSPSLFITSTHVIPQGAQEFFGVPVKQIQIHKSGEFCRLRFPKPIRTDVTGMILEEGAPEGTVVTLLIKRSTGELMPLAARMGTHATMKIQGRTVGGQMGMLLTGSNAKSMDLGTTPGDCGCPYIYKRENDYVVIGVHTAAARGGNTVICATQGSEGEATLEGGDNKGTYCGAPILGPGSAPKLSTKTKFWRSSTAPLPPGTYEPAYLGGKDPRVKGGPSLQQVMRDQLKPFTEPRGKPPKPSVLEAAKRTIINVLEQTIDPPQKWSFTQACASLDKTTSSGHPHHMRKNDCWNGESFTGKLADQASKANLMFEEGKNMTPVYTGALKDELVKTDKIYGKIKKRLLWGSDLATMIRCARAFGGLMDELKAHCVTLPIRVGMNMNEDGPIIFERHSRYKYHYDADYSRWDSTQQRAVLAAALEIMVKFSPEPHLAQIVAEDLLSPSVMDVGDFKISINEGLPSGVPCTSQWNSIAHWLLTLCALSEVTNLSPDIIQANSLFSFYGDDEIVSTDINLNPEKLTAKLKEYGLKPTRPDKTEGPLIISEDLNGLTFLRRTVTRDPAGWFGKLDQSSILRQMYWTRGPNHEDPSETMIPHSQRPIQLMSLLGEAALHGPAFYSKISKLVIAELKEGGMDFYVPRQEPMFRWMRFSDLSTWEGDRNLAPSFVNEDGVE"
"44",">sp|P54635|CAPSD_LORDV Capsid protein OS=Lordsdale virus (strain GII/Human/United Kingdom/Lordsdale/1993) OX=82658 GN=ORF2 PE=3 SV=1","MKMASNDANPSDGSAANLVPEVNNEVMALEPVVGAAIAAPVAGQQNVIDPWIRNNFVQAPGGEFTVSPRNAPGEILWSAPLGPDLNPYLSHLSRMYNGYAGGFEVQVILAGNAFTAGKVIFAAVPPNFPTEGLSPSQVTMFPHIIVDVRQLEPVLIPLPDVRNNFYHYNQANDSTLKLIAMLYTPLRANNAGDDVFTVSCRVLTRPSPDFDFIFLVPPTVESRTKPFTVPVLTVEEMSNSRFPIPLEKLYTGPSSAFVVQPQNGRCTTDGVLLGTTQLSAVNICNFRGDVTHIAGSHDYTMNLASQNWSNYDPTEEIPAPLGTPDFVGKIQGLLTQTTRADGSTRAHKATVSTGSVHFTPKLGSVQFTTDTNNDFQAGQNTKFTPVGVIQDGDHHQNEPQQWSLPNYSGRTGHNVHLAPAVAPTFPGEQLLFFRSTMPGCSGYPNMNLDCLLPQEWVLHFYQEAAPAQSDVALLRFVNPDTGRVLFECKLHKSGYITVAHTGPYDLVLPPNGYFRFDSWVNQFYTLAPMGNGTGRRRAL"
"45",">sp|P54636|VP2_LORDV Protein VP2 OS=Lordsdale virus (strain GII/Human/United Kingdom/Lordsdale/1993) OX=82658 GN=ORF3 PE=3 SV=1","MAGAFFAGLASDVLGSGLGSLINAGAGAINQKVEFENNRKLQQASFQFSSTLQQASFQHDKEMLQAQIEATQKLQQDLMKVKQAVLLEGGFSTADAARGAINAPMTKALDWSGTRYWAPDARVTTYNAGHFSTPQSLGALTGRTNSRVSAPARSSPSALSNAPTATSLHSNQTVSTRLGSSAGSGTGVSSLSSAARTRSWVEDQNRNLSPFMRGALNTSFVTPPSSRSSSQSTVSTVPKEILDSWTGAFNTRRQPLFAHIRKRGESRV"
"46",">sp|P55980|CAGA_HELPY Cytotoxicity-associated immunodominant antigen OS=Helicobacter pylori (strain ATCC 700392 / 26695) OX=85962 GN=cagA PE=1 SV=1","MTNETIDQTRTPDQTQSQTAFDPQQFINNLQVAFIKVDNVVASFDPDQKPIVDKNDRDNRQAFDGISQLREEYSNKAIKNPTKKNQYFSDFIDKSNDLINKDNLIDVESSTKSFQKFGDQRYQIFTSWVSHQKDPSKINTRSIRNFMENIIQPPIPDDKEKAEFLKSAKQSFAGIIIGNQIRTDQKFMGVFDESLKERQEAEKNGGPTGGDWLDIFLSFIFNKKQSSDVKEAINQEPVPHVQPDIATTTTDIQGLPPEARDLLDERGNFSKFTLGDMEMLDVEGVADIDPNYKFNQLLIHNNALSSVLMGSHNGIEPEKVSLLYAGNGGFGDKHDWNATVGYKDQQGNNVATLINVHMKNGSGLVIAGGEKGINNPSFYLYKEDQLTGSQRALSQEEIRNKVDFMEFLAQNNTKLDNLSEKEKEKFQNEIEDFQKDSKAYLDALGNDRIAFVSKKDTKHSALITEFNNGDLSYTLKDYGKKADKALDREKNVTLQGSLKHDGVMFVDYSNFKYTNASKNPNKGVGATNGVSHLEAGFNKVAVFNLPDLNNLAITSFVRRNLENKLTAKGLSLQEANKLIKDFLSSNKELAGKALNFNKAVAEAKSTGNYDEVKKAQKDLEKSLRKREHLEKEVEKKLESKSGNKNKMEAKAQANSQKDEIFALINKEANRDARAIAYTQNLKGIKRELSDKLEKISKDLKDFSKSFDEFKNGKNKDFSKAEETLKALKGSVKDLGINPEWISKVENLNAALNEFKNGKNKDFSKVTQAKSDLENSVKDVIINQKVTDKVDNLNQAVSVAKAMGDFSRVEQVLADLKNFSKEQLAQQAQKNEDFNTGKNSELYQSVKNSVNKTLVGNGLSGIEATALAKNFSDIKKELNEKFKNFNNNNNGLKNSTEPIYAKVNKKKTGQVASPEEPIYTQVAKKVNAKIDRLNQIASGLGGVGQAAGFPLKRHDKVDDLSKVGLSASPEPIYATIDDLGGPFPLKRHDKVDDLSKVGRSRNQELAQKIDNLNQAVSEAKAGFFGNLEQTIDKLKDSTKKNVMNLYVESAKKVPASLSAKLDNYAINSHTRINSNIQNGAINEKATGMLTQKNPEWLKLVNDKIVAHNVGSVSLSEYDKIGFNQKNMKDYSDSFKFSTKLNNAVKDIKSGFTHFLANAFSTGYYCLARENAEHGIKNVNTKGGFQKS"
"47",">sp|P56039|RL14_HELPY 50S ribosomal protein L14 OS=Helicobacter pylori (strain ATCC 700392 / 26695) OX=85962 GN=rplN PE=1 SV=1","MIQSFTRLNVADNSGAKEIMCIKVLGGSHKRYASVGSVIVASVKKAIPNGKVKRGQVVKAVVVRTKKEIQRKNGSLVRFDDNAAVILDAKKDPVGTRIFGPVSREVRYANFMKIISLAPEVV"
"48",">sp|P56078|RL25_HELPY 50S ribosomal protein L25 OS=Helicobacter pylori (strain ATCC 700392 / 26695) OX=85962 GN=rplY PE=3 SV=1","MLEGVIRESITKANAKALKKDGYLIANVYGKGIENVNGAFKLNPFIKYLKEKKHLIFPVKLGDKTFEVVVQEYQKNPVTNELIHVDLLAVTKGVKSKFKVPIKHQGTPVGLKNKGILMLSKKRISVECAPEHLPDHYLVDVAPLDVNESILVRDLEKHENVKILDHDSIAVIGVIKAK"
"49",">sp|P77581|ASTC_ECOLI Succinylornithine transaminase OS=Escherichia coli (strain K12) OX=83333 GN=astC PE=1 SV=1","MSQPITRENFDEWMIPVYAPAPFIPVRGEGSRLWDQQGKEYIDFAGGIAVNALGHAHPELREALNEQASKFWHTGNGYTNEPVLRLAKKLIDATFADRVFFCNSGAEANEAALKLARKFAHDRYGSHKSGIVAFKNAFHGRTLFTVSAGGQPAYSQDFAPLPADIRHAAYNDINSASALIDDSTCAVIVEPIQGEGGVVPASNAFLQGLRELCNRHNALLIFDEVQTGVGRTGELYAYMHYGVTPDLLTTAKALGGGFPVGALLATEECARVMTVGTHGTTYGGNPLASAVAGKVLELINTPEMLNGVKQRHDWFVERLNTINHRYGLFSEVRGLGLLIGCVLNADYAGQAKQISQEAAKAGVMVLIAGGNVVRFAPALNVSEEEVTTGLDRFAAACEHFVSRGSS"
"50",">sp|Q64858|L2MU_ADE40 Late L2 mu core protein OS=Human adenovirus F serotype 40 OX=28284 GN=PX PE=3 SV=1","MALTCRFRIPVPSYRGRSRRRRGMAGSGRRRALRRRIKGGFLPALIPIIAAAIGAIPGVASVALQAARKQ"
"51",">sp|Q64865|E434_ADE40 Early E4 34 kDa protein OS=Human adenovirus F serotype 40 OX=28284 GN= PE=3 SV=2","MMQRDRWFRCRLSSYQTHRLPPPSEDSVPIATMERTPGLLECEHLNMHYVSEVRSIPSCAPFVVLQEWPMWWDMILSKWEKHVCKIYMRVCVCCATINVDFNQIVRGFERWTIHCHCIKPGSLQCKAGGVVLANWFKMMIYGSLYNLRFPWYREIVNCGMPKEVLFMGSVFVRGRHFIYIRLLYDGHAAIVLERMSFGWSFFSYGIMNNMVVLGCTYCKNLDELSVRCCARRTRRLLAKAVKVLGSFTVRSLMRSLVEPRRQGLLRGLMERYCPFTLADYNRGENPWRA"
"52",">sp|Q786F2|HEMA_MEASC Hemagglutinin glycoprotein OS=Measles virus (strain Ichinose-B95a) OX=645098 GN=H PE=1 SV=1","MSPQRDRINAFYKDNPHPKGSRIVINREHLMIDRPYVLLAVLFVMFLSLIGLLAIAGIRLHRAAIYTAEIHKSLSTNLDVTNSIEHQVKDVLTPLFKIIGDEVGLRTPQRFTDLVKFISDKIKFLNPDREYDFRDLTWCINPPERIKLDYDQYCADVAAEELMNALVNSTLLEARATNQFLAVSKGNCSGPTTIRGQFSNMSLSLLDLYLSRGYNVSSIVTMTSQGMYGGTYLVGKPNLSSKGSELSQLSMHRVFEVGVIRNPGLGAPVFHMTNYFEQPVSNDFSNCMVALGELKFAALCHREDSITIPYQGSGKGVSFQLVKLGVWKSPTDMRSWVPLSTDDPVIDRLYLSSHRGVIADNQAKWAVPTTRTDDKLRMETCFQQACKGKNQALCENPEWAPLKDNRIPSYGVLSVNLSLTVELKIKIASGFGPLITHGSGMDLYKTNHNNVYWLTIPPMKNLALGVINTLEWIPRFKVSPNLFTVPIKEAGEDCHAPTYLPAEVDGDVKLSSNLVILPGQDLQYVLATYDTSRVEHAVVYYVYSPSRSFSYFYPFRLPIKGVPIELQVECFTWDKKLWCRHFCVLADSESGGHITHSGMVGMGVSCTVTREDGTNRR"
"53",">sp|Q786F3|FUS_MEASC Fusion glycoprotein F0 OS=Measles virus (strain Ichinose-B95a) OX=645098 GN=F PE=1 SV=1","MGLKVNVSAIFMAVLLTLQTPTGQIHWGNLSKIGVVGIGSASYKVMTRSSHQSLVIKLMPNITLLNNCTRVEIAEYRRLLRTVLEPIRDALNAMTQNIRPVQSVASSRRHKRFAGVVLAGAALGVATAAQITAGIALHQSMLNSQAIDNLRASLETTNQAIEAIRQAGQEMILAVQGVQDYINNELIPSMNQLSCDLIGQKLGLKLLRYYTEILSLFGPSLRDPISAEISIQALSYALGGDINKVLEKLGYSGGDLLGILESRGIKARITHVDTESYFIVLSIAYPTLSEIKGVIVHRLEGVSYNIGSQEWYTTVPKYVATQGYLISNFDESSCTFMPEGTVCSQNALYPMSPLLQECLRGSTKSCARTLVSGSFGNRFILSQGNLIANCASILCKCYTTGTIINQDPDKILTYIAADHCPVVEVNGVTIQVGSRRYPDAVYLHRIDLGPPISLERLDVGTNLGNAIAKLEDAKELLESSDQILRSMKGLSSTSIVYILIAVCLGGLIGIPALICCCRGRCNKKGEQVGMSRPGLKPDLTGTSKSYVRSL"
"54",">sp|Q83883|POLG_NVN68 Genome polyprotein OS=Norwalk virus (strain GI/Human/United States/Norwalk/1968) OX=524364 GN=ORF1 PE=1 SV=1","MMMASKDVVPTAASSENANNNSSIKSRLLARLKGSGGATSPPNSIKITNQDMALGLIGQVPAPKATSVDVPKQQRDRPPRTVAEVQQNLRWTERPQDQNVKTWDELDHTTKQQILDEHAEWFDAGGLGPSTLPTSHERYTHENDEGHQVKWSAREGVDLGISGLTTVSGPEWNMCPLPPVDQRSTTPATEPTIGDMIEFYEGHIYHYAIYIGQGKTVGVHSPQAAFSITRITIQPISAWWRVCYVPQPKQRLTYDQLKELENEPWPYAAVTNNCFEFCCQVMCLEDTWLQRKLISSGRFYHPTQDWSRDTPEFQQDSKLEMVRDAVLAAINGLVSRPFKDLLGKLKPLNVLNLLSNCDWTFMGVVEMVVLLLELFGIFWNPPDVSNFIASLLPDFHLQGPEDLARDLVPIVLGGIGLAIGFTRDKVSKMMKNAVDGLRAATQLGQYGLEIFSLLKKYFFGGDQTEKTLKDIESAVIDMEVLSSTSVTQLVRDKQSARAYMAILDNEEEKARKLSVRNADPHVVSSTNALISRISMARAALAKAQAEMTSRMRPVVIMMCGPPGIGKTKAAEHLAKRLANEIRPGGKVGLVPREAVDHWDGYHGEEVMLWDDYGMTKIQEDCNKLQAIADSAPLTLNCDRIENKGMQFVSDAIVITTNAPGPAPVDFVNLGPVCRRVDFLVYCTAPEVEHTRKVSPGDTTALKDCFKPDFSHLKMELAPQGGFDNQGNTPFGKGVMKPTTINRLLIQAVALTMERQDEFQLQGPTYDFDTDRVAAFTRMARANGLGLISMASLGKKLRSVTTIEGLKNALSGYKISKCSIQWQSRVYIIESDGASVQIKEDKQALTPLQQTINTASLAITRLKAARAVAYASCFQSAITTILQMAGSALVINRAVKRMFGTRTAAMALEGPGKEHNCRVHKAKEAGKGPIGHDDMVERFGLCETEEEESEDQIQMVPSDAVPEGKNKGKTKKGRGRKNNYNAFSRRGLSDEEYEEYKKIREEKNGNYSIQEYLEDRQRYEEELAEVQAGGDGGIGETEMEIRHRVFYKSKSKKHQQEQRRQLGLVTGSDIRKRKPIDWTPPKNEWADDDREVDYNEKINFEAPPTLWSRVTKFGSGWGFWVSPTVFITTTHVVPTGVKEFFGEPLSSIAIHQAGEFTQFRFSKKMRPDLTGMVLEEGCPEGTVCSVLIKRDSGELLPLAVRMGAIASMRIQGRLVHGQSGMLLTGANAKGMDLGTIPGDCGAPYVHKRGNDWVVCGVHAAATKSGNTVVCAVQAGEGETALEGGDKGHYAGHEIVRYGSGPALSTKTKFWRSSPEPLPPGVYEPAYLGGKDPRVQNGPSLQQVLRDQLKPFADPRGRMPEPGLLEAAVETVTSMLEQTMDTPSPWSYADACQSLDKTTSSGYPHHKRKNDDWNGTTFVGELGEQAAHANNMYENAKHMKPIYTAALKDELVKPEKIYQKVKKRLLWGADLGTVVRAARAFGPFCDAIKSHVIKLPIKVGMNTIEDGPLIYAEHAKYKNHFDADYTAWDSTQNRQIMTESFSIMSRLTASPELAEVVAQDLLAPSEMDVGDYVIRVKEGLPSGFPCTSQVNSINHWIITLCALSEATGLSPDVVQSMSYFSFYGDDEIVSTDIDFDPARLTQILKEYGLKPTRPDKTEGPIQVRKNVDGLVFLRRTISRDAAGFQGRLDRASIERQIFWTRGPNHSDPSETLVPHTQRKIQLISLLGEASLHGEKFYRKISSKVIHEIKTGGLEMYVPGWQAMFRWMRFHDLGLWTGDRDLLPEFVNDDGV"
"55",">sp|Q83884|CAPSD_NVN68 Capsid protein VP1 OS=Norwalk virus (strain GI/Human/United States/Norwalk/1968) OX=524364 GN=ORF2 PE=1 SV=2","MMMASKDATSSVDGASGAGQLVPEVNASDPLAMDPVAGSSTAVATAGQVNPIDPWIINNFVQAPQGEFTISPNNTPGDVLFDLSLGPHLNPFLLHLSQMYNGWVGNMRVRIMLAGNAFTAGKIIVSCIPPGFGSHNLTIAQATLFPHVIADVRTLDPIEVPLEDVRNVLFHNNDRNQQTMRLVCMLYTPLRTGGGTGDSFVVAGRVMTCPSPDFNFLFLVPPTVEQKTRPFTLPNLPLSSLSNSRAPLPISSMGISPDNVQSVQFQNGRCTLDGRLVGTTPVSLSHVAKIRGTSNGTVINLTELDGTPFHPFEGPAPIGFPDLGGCDWHINMTQFGHSSQTQYDVDTTPDTFVPHLGSIQANGIGSGNYVGVLSWISPPSHPSGSQVDLWKIPNYGSSITEATHLAPSVYPPGFGEVLVFFMSKMPGPGAYNLPCLLPQEYISHLASEQAPTVGEAALLHYVDPDTGRNLGEFKAYPDGFLTCVPNGASSGPQQLPINGVFVFVSWVSRFYQLKPVGTASSARGRLGLRR"
"56",">sp|Q83885|VP2_NVN68 Protein VP2 OS=Norwalk virus (strain GI/Human/United States/Norwalk/1968) OX=524364 GN=ORF3 PE=3 SV=1","MAQAIIGAIAASTAGSALGAGIQVGGEAALQSQRYQQNLQLQENSFKHDREMIGYQVEASNQLLAKNLATRYSLLRAGGLTSADAARSVAGAPVTRIVDWNGVRVSAPESSATTLRSGGFMSVPIPFASKQKQVQSSGISNPNYSPSSISRTTSWVESQNSSRFGNLSPYHAEALNTVWLTPPGSTASSTLSSVPRGYFNTDRLPLFANNRR"
"57",">sp|Q83RJ4|IPA3_SHIFL E3 ubiquitin-protein ligase ipaH3 OS=Shigella flexneri OX=623 GN=ipaH3 PE=1 SV=1","MSIMLPINNNFSLSQNSFYNTISGTYADYFSAWDKWEKQALPGENRNEAVSLLKECLINQFSELQLNRLNLSSLPDNLPPQITVLEITQNALISLPELPASLEYLDACDNRLSTLPELPASLKHLDVDNNQLTMLPELPALLEYINADNNQLTMLPELPTSLEVLSVRNNQLTFLPELPESLEALDVSTNLLESLPAVPVRNHHSEETEIFFRCRENRITHIPENILSLDPTCTIILEDNPLSSRIRESLSQQTAQPDYHGPRIYFSMSDGQQNTLHRPLADAVTAWFPENKQSDVSQIWHAFEHEEHANTFSAFLDRLSDTVSARNTSGFREQVAAWLEKLSTSAELRQQSFAVAADATESCEDRVALTWNNLRKTLLVHQASEGLFDNDTGALLSLGREMFRLEILEDIARDKVRTLHFVDEIEVYLAFQTMLAEKLQLSTAVKEMRFYGVSGVTANDLRTAEAMVRSREENEFTDWFSLWGPWHAVLKRTEADRWAQAEEQKYEMLENEYSQRVADRLKASGLSGDADAEREAGAQVMRETEQQIYRQVTDEVLALRLSENGSQLHHS"
"58",">sp|Q84GK0|EATA_ECOH1 Serine protease EatA OS=Escherichia coli O78:H11 (strain H10407 / ETEC) OX=316401 GN=eatA PE=1 SV=1","MNKVFSLKYSFLAKGFIAVSELARRVSVKGKLKSASSIIISPITIAIVSYAPPSLAATVNADISYQTFRDFAENKGAFIVGASNINIYDKNGVLVGVLDKAPMPDFSSATMNTGTLPPGDHTLYSPQYVVTAKHVNGSDIMSFGHIQNNYTVVGENNHNSLDIKIRRLNKIVTEVAPAEISSVGAVNGAYQEGGRFKAFYRLGGGLQYIKDKNGNLTPVYTNGGFLTGGTISALSSYNNGQMITAPTGDIFNPANGPLANYLNKGDSGSPLFAYDSLDKKWVLVGVLSSGSEHGNNWVVTTQDFLHQQPKHDFDKTISYDSEKGSLQWRYNKNSGVGTLSQESVVWDMHGKKGGDLNAGKNLQFTGNNGEIILHDSIDQGAGYLQFFDNYTVTSLTDQTWTGGGIITEKGVNVLWQVNGVNDDNLHKVGEGTLTVNGKGVNNGGLKVGDGTVILNQRPDDNGHKQAFSSINISSGRATVILSDANQVNPDKISWGYRGGTLDLNGNNVNFTRLQAADYGAIVSNNNKNKSELTLKLQTLNENDISVDVKTYEVFGGHGSPGDLYYVPASNTYFILKSKAYGPFFSDLDNTNVWQNVGHDRDKAIQIVKQQKIGESSQPYMFHGQLNGYMDVNIHPLSGKDVLTLDGSVNLPEGVITKKSGTLIFQGHPVIHAGMTTSAGQSDWENRQFTMDKLRLDAATFHLSRNAHMQGDISAANGSTVILGSSRVFTDKNDGTGNAVSSVEGSSIATTAGDQSYYSGNVLLENHSSLEVRENFTGGIEAYDSSVSVTSQNAIFDHVGSFVNSSLLLEKGAKLTAQSGIFTNNTMKIKENASLTLTGIPSVGKPGYYSPVTSTTEGIHLGERASLSVKNMGYLSSNITAENSAAIINLGDSNATIGKTDSPLFSTLMRGYNAVLQGNIMGPQSSVNMNNALWHSDRNSELKELKANDSQIELGVRGHFAKLRVKELIASNSVFLVHANNSQADQLNVTDKLQGSNNTILVDFFNKAANGTNVTLITAPKGSDENTFKAGTQQIGFSNITPEIRTENTDTATQWVLTGYQSVADARASKIATDFMDSGYKSFLTEVNNLNKRMGDLRDSQGDAGGWARIMNGTGSGESGYRDNYTHVQIGADRKHELNGIDLFTGALLTYTDNNASSQAFSGKTKSLGGGVYASGLFESGAYFDLIGKYLHHDNRYTLNFASLGERSYTSHSLYAGAEIGYRYHMSENTWVEPQMELVYGSVSGKSFNWKDQGMQLSMKDKDYHPLIGRTGVDVGRAFSGDTWKVTVRAGLGYQFDLLANGETVLQDASGKKHFKGEKDSRMLMNVGTNVEVKDNMRFGLELEKSAFGRYNIDNSINANFRYYF"
"59",">sp|Q89532|NP_ADE40 Pre-histone-like nucleoprotein OS=Human adenovirus F serotype 40 OX=28284 GN=L2 PE=3 SV=1","MSILISPDNNTGWGLCSAGMYGGAKRRSSQHPVRVRGHYRAPWGAYTRGVISRRTTVDDVIDSVVADAQRYTRPVATSTVDSVIDSVVANARRYAQRKRRLQRRRRRPTAAMTAARAVLRRAQRIGRRAMRRAAASASAGRARRQAARQAAAAIASMAQPRRGNIYWVRDASGVRVPVRSRPPRS"
"60",">sp|Q8Z727|HLYE_SALTI Hemolysin E OS=Salmonella typhi OX=90370 GN=hlyE PE=3 SV=3","MTGIFAEQTVEVVKSAIETADGALDLYNKYLDQVIPWKTFDETIKELSRFKQEYSQEASVLVGDIKVLLMDSQDKYFEATQTVYEWCGVVTQLLSAYILLFDEYNEKKASAQKDILIRILDDGVKKLNEAQKSLLTSSQSFNNASGKLLALDSQLTNDFSEKSSYFQSQVDRIRKEAYAGAAAGIVAGPFGLIISYSIAAGVIEGKLIPELNNRLKTVQNFFTSLSATVKQANKDIDAAKLKLATEIAAIGEIKTETETTRFYVDYDDLMLSLLKGAAKKMINTCNEYQQRHGKKTLFEVPDV"
"61",">sp|Q9W850|MATRX_MEASC Matrix protein OS=Measles virus (strain Ichinose-B95a) OX=645098 GN=M PE=3 SV=1","MTEIYDFDKSAWDIKGSIAPIQPTTYSDGRLVPQVRVIDPGLGDRKDECFMYMFLLGVVEDSDPLGPPIGRAFGSLPLGVGRSTAKPEELLKEATELDIVVRRTAGLNEKLVFYNNTPLTLLTPWRKVLTTGSVFNANQVCNAVNLIPLDTPQRFRVVYMSITRLSDNGYYTVPRRMLEFRSVNAVAFNLLVTLRIDKAIGPGKIIDNAEQLPEATFMVHIGNFRRKKSEVYSADYCKMKIEKMGLVFALGGIGGTSLHIRSTGKMSKTLHAQLGFKKTLCYPLMDINEDLNRLLWRSRCKIVRIQAVLQPSVPQEFRIYDDVIINDDQGLFKVL"
"62",">sp|Q9WMB3|L_MEASC RNA-directed RNA polymerase L OS=Measles virus (strain Ichinose-B95a) OX=645098 GN=L PE=3 SV=1","MDSLSVNQILYPEVHLDSPIVTNKIVAILEYARVPHAYSLEDPTLCQNIKHRLKNGFSNQMIINNVEVGNVIKSKLRSYPAHSHIPYPNCNQDLFNIEDKESTRKIRELLKKGNSLYSKVSDKVFQCLRDTNSRLGLGSELREDIKEKIINLGVYMHSSQWFEPFLFWFTVKTEMRSVIKSQTHTCHRRRHTPVFFTGSSVELLISRDLVAIISKESQHVYYLTFELVLMYCDVIEGRLMTETAMTIDARYAELLGRVRYMWKLIDGFFPALGNPTYQIVAMLEPLSLAYLQLRDITVELRGAFLNHCFTEIHDVLDQNGFSDEGTYHELIEALDYIFITDDIHLTGEIFSFFRSFGHPRLEAVTAAENVRKYMNQPKVIVYETLMKGHAIFCGIIINGYRDRHGGSWPPLTLPLHAADTIRNAQASGEGLTHEQCVDNWKSFAGVRFGCFMPLSLDSDLTMYLKDKALAALQREWDSVYPKEFLRYDPPKGTGSRRLVDVFLNDSSFDPYDMIMYVVSGAYLHDPEFNLSYSLKEKEIKETGRLFAKMTYKMRACQVIAENLISNGIGKYFKDNGMAKDEHDLTKALHTLAVSGVPKDLKESHRGGPVLKTYSRSPVHTSTRNVKAEKGFVGFPHVIRQNQDTDHPENIETYETVSAFITTDLKKYCLNWRYETISLFAQRLNEIYGLPSFFQWLHKRLETSVLYVSDPHCPPDLDAHVPLCKVPNDQIFIKYPMGGIEGYCQKLWTISTIPYLYLAAYESGVRIASLVQGDNQTIAVTKRVPSTWPYNLKKREAARVTRDYFVILRQRLHDIGHHLKANETIVSSHFFVYSKGIYYDGLLVSQSLKSIARCVFWSETIVDETRAACSNIATTMAKSIERGYDRYLAYSLNVLKVIQQILISLGFTINSTMTRDVVIPLLTNNDLLIRMALLPAPIGGMNYLNMSRLFVRNIGDPVTSSIADLKRMILASLMPEETLHQVMTQQPGDSSFLDWASDPYSANLVCVQSITRLLKNITARFVLIHSPNPMLKGLFHDDSKEEDERLAAFLMDRHIIVPRAAHEILDHSVTGARESIAGMLDTTKGLIRASMRKGGLTSRVITRLSNYDYEQFRAGMVLLTGRKRNVLIDKESCSVQLARALRSHMWARLARGRPIYGLEVPDVLESMRGHLIRRHETCVICECGSVNYGWFFVPSGCQLDDIDKETSSLRVPYIGSTTDERTDMKLAFVRAPSRSLRSAVRIATVYSWAYGDDDSSWNEAWLLARQRANVSLEELRVITPISTSTNLAHRLRDRSTQVKYSGTSLVRVARYTTISNDNLSFVISDKKVDTNFIYQQGMLLGLGVLETLFRLEKDTGSSNTVLHLHVETDCCVIPMIDHPRIPSSRKLELRAELCTNPLIYDNAPLIDRDATRLYTQSHRRHLVEFVTWSTPQLYHILAKSTALSMIDLVTKFEKDHMNEISALIGDDDINSFITEFLLIEPRLFTIYLGQCAAINWAFDVHYHRPSGKYQMGELLSSFLSRMSKGVFKVLVNALSHPKIYKKFWHCGIIEPIHGPSLDAQNLHTTVCNMVYTCYMTYLDLLLNEELEEFTFLLCESDEDVVPDRFDNIQAKHLCVLADLYCQPGTCPPIRGLRPVEKCAVLTDHIKAEARLSPAGSSWNINPIIVDHYSCSLTYLRRGSIKQIRLRVDPGFIFDALAEVNVSQPKVGSNNISNMSIKDFRPPHDDVAKLLKDINTSKHNLPISGGSLANYEIHAFRRIGLNSSACYKAVEISTLIRRCLEPGEDGLFLGEGSGSMLITYKEILKLNKCFYNSGVSANSRSGQRELAPYPSEVGLVEHRMGVGNIVKVLFNGRPEVTWVGSIDCFNFIVSNIPTSSVGFIHSDIETLPNKDTIEKLEELAAILSMALLLGKIGSILVIKLMPFSGDFVQGFISYVGSHYREVNLVYPRYSNFISTESYLVMTDLKANRLMNPEKIKQQIIESSVRTSPGLIGHILSIKQLSCIQAIVGGAVSRGDINPILKKLTPIEQVLISCGLAINGPKLCKELIHHDVASGQDGLLNSILILYRELARFKDNQRSQQGMFHAYPVLVSSRQRELVSRITRKFWGHILLYSGNRKLINRFIQNLKSGYLVLDLHQNIFVKNLSKSEKQIIMTGGLKREWVFKVTVKETKEWYKLVGYSALIKD"
"63",">sp|Q9WMB4|PHOSP_MEASC Phosphoprotein OS=Measles virus (strain Ichinose-B95a) OX=645098 GN=P/V PE=3 SV=1","MAEEQARHVKNGLECIRALKAEPIGSLAVEEAMAAWSEISDNPGQDRATCKEEEAGSSGLSKPCLSAIGSTEGGAPRIRGQGSGESDDDAETLGIPSRNLQASSTGLQCYHVYDHSGEAVKGIQDADSIMVQSGLDGDSTLSGGDDESENSDVDIGEPDTEGYAITDRGSAPISMGFRASDVETAEGGEIHELLKLQSRGNNFPKLGKTLNVPPPPNPSRASTSETPIKKGTDARLASFGTEIASLLTGGATQCARKSPSEPSGPGAPAGNVPECVSNAALIQEWTPESGTTISPRSQNNEEGGDYYDDELFSDVQDIKTALAKIHEDNQKIISKLESLLLLKGEVESIKKQINRQNISISTLEGHLSSIMIAIPGLGKDPNDPTADVELNPDLKPIIGRDSGRALAEVLKKPVASRQLQGMTNGRTSSRGQLLKEFQLKPIGKKVSSAVGFVPDTGPASRSVIRSIIKSSRLEEDRKRYLMTLLDDIKGANDLAKFHQMLMKIIMK"
"64",">sp|Q9WMB5|NCAP_MEASC Nucleoprotein OS=Measles virus (strain Ichinose-B95a) OX=645098 GN=N PE=3 SV=1","MATLLRSLALFKRNKDKPPITSGSGGAIRGIKHIIIVPIPGDSSITTRSRLLDRLVRLIGNPDVSGPKLTGALIGILSLFVESPGQLIQRITDDPDVSIRLLEVVQSDQSQSGLTFASRGTNMEDEADQYFSHDDPSSSDQSRSGWFENKEISDIEVQDPEGFNMILGTILAQIWVLLAKAVTAPDTAADSELRRWIKYTQQRRVVGEFRLERKWLDVVRNRIAEDLSLRRFMVALILDIKRTPGNKPRIAEMICDIDTYIVEAGLASFILTIKFGIETMYPALGLHEFAGELSTLESLMNLYQQMGETAPYMVILENSIQNKFSAGSYPLLWSYAMGVGVELENSMGGLNFGRSYFDPAYFRLGQEMVRRSAGKVSSTLASELGITAEDARLVSEIAMHTTEDRISRAVGPRQAQVSFLHGDQSENELPGLGGKEDRRVKQGRGEARESYRETGSSRASDARAAHPPTSMPLDIDTASESGQDPQDSRRSADALLRLQAMAGILEEQGSDTDTPRVYNDRDLLD"
"65",">sp|Q9YZN9|C_MEASC Protein C OS=Measles virus (strain Ichinose-B95a) OX=645098 GN=P/V/C PE=3 SV=1","MSKTDWNASGLSRPSPSAHWPSRKPWQHGQKYQTTQDRTEPPARKRRQAVRVSANHASQQLDQLKAVHLASAVRDLEKAMTTLKLWESPQEISRHQALGYSVIMFMITAVKRLRESKMLTLSWFNQALMVIAPSQEETMNLKTAMWILANLIPRDMLSLTGDLLPSLWGSGLLMLKLQKEGRSTSS"
"66",">tr|A0A060ID53|A0A060ID53_ADE41 DNA polymerase OS=Human adenovirus F serotype 41 OX=10524 GN=POL PE=3 SV=1","MALVPSPGTLGLHSTKTYPGTQPPRCRARQSAAGSASTATRAPGQRASTSSSGGSRTATAPRRPSASNDVNPPSTFRLRGTIVASRGQGLLYAIDTSTNSPLEIKFHQRLASALTRLLQVNLRSLPAGLSEAFLDSLDSSQIRSLALRLQPPRVEVWTCASRGIVTPSVILPQQERAGAEENNEGERQSAQEPLNFPLRFLVRGRQVHLIQEVQNVQRCEYCARFYKYQHECTVRRRNFYFHHINAQSSGWWQEINFFPIGSHPRVERLFVTYDVETYTWMGAFGKQLVPFMLVMHLSGDDTLVEEACRLAHELQWDAWGNDGHTFYVVTPEKIAVGKKFRNYRDRLQTHFATQLWQAFLAANPQVAEWARLEMGLFSPDNLTYEELKKAPKLQGTPRFVELYIVGHNINGFDEIVLAAQVINNRSDVPGPFKITRNFMPRAGKILFNDITFALPNPLSKKRTDYHLWEQGACDDTDFKHQFLKVMVRDTFALTHTSLRKAAQAYALPVEKGCCPYKAVNQFYMLGSYRADERGFPAEDYWKDREEYLLNRELWEKKQQSRYDLIRETLDYCALDVLVTAALVQKLRESYAQFICDAVGLPEAKFNVFQRPTISSNSHAIFRQILYQSVKPKRSDLGNGLLAPSHEMYDYVRASIRGGRCYPTYIGVLREPLYVYDICGMYASALTHPMPWGSPLNPYERALAVRDWERALLQVDTPIDYFNHVLLPGIFTIDADPPSENLLDVLPPYCSRKGGRLCWTNEPLRGEVATSIDLITLHNRGWQVRLLPDERTTVFPEWRCVARKYVQLNIAAKERADREKNQTLRSIAKLLSNALYGSFATKLDNKKIVFSDQMDPATIKSIAAGQIKIKSTSFVETDTLSAEVMPAFQRAYSPEQLALAHSDAEESDEERGHALYTPTQDPKGHVTYTYKPITFMDAEEDDLCLHTLEKVDPLVENDRYPSQIASFVLAWTRAFVSEWSEFLYAEDRGTPLEQRTLKSVYGDTDSLFVTEAGHRLMETRGKKRIKKHGGSLVFDPKNPELTWLVECETTCAQCGANAYSPESVFLAPKLYALKCLYCPSCQHISKGKLRAKGHAAEALSYELMLKCYLADSQGEDARFHTSRMSLKRTLASAQPGAHPFTVTETTLTRTLRPWKDITLAPLDAHRLVPYSQSRPNPRNQEVCWIEMP"
"67",">tr|A0A060ID58|A0A060ID58_ADE41 Penton protein OS=Human adenovirus F serotype 41 OX=10524 GN=L2 PE=2 SV=1","MRRAVGVPPVMAYAEGPPPSYESVMGSADSPATLEALYVPPRYLGPTEGRNSIRYSELAPLYDTTRVYLVDNKSADIASLNYQNDHSNFQTTVVQNNDFTPAEAGTQTINFDERSRWGADLKTILRTNMPNINEFMSTNKFKARLMVEKKNKETGLPRYEWFEFTLPEGNYSETMTIDLMNNAIVDNYLEVGRQNGVLESDIGVKFDTRNFRLGWDPVTKLVMPGVYTNEAFHPDIVLLPGCGVDFTQSRLSNLLGIRKRLPFQEGFQIMYEDLQGGNIPALLDVAKYEASIQKAKEEGKEIGDDTFATRPQDLVIEPVAKDSKNRSYNLLPNDQNNTAYRSWFLAYNYGDPKKGVQSWTLLTTADVTCGSQQVYWSLPDMMQDPVTFRPSTQVSNYPVVGVELLPVHAKSFYNEQAVYSQLIRQSTALTHVFNRFPENQILVRPPAPTITTVSENVPALTDHGTLPLRSSISGVQRVTITDARRRTCPYVHKALGIVAPKVLSSRTF"
"68",">tr|A0A060ID64|A0A060ID64_ADE41 Hexon protein OS=Human adenovirus F serotype 41 OX=10524 GN=L3 PE=2 SV=1","MATPSMMPQWSYMHIAGQDASEYLSPGLVQFARATDTYFSLGNKFRNPTVAPTHDVTTDRSQRLTLRFVPVDREDTAYSYKVRFTLAVGDNRVLDMASTYFDIRGVLDRGPSFKPYSGTAYNSLAPKTAPNPCEWKDNNKIKVRGQAPLIGTNIDKDNGIQIGTDATKKPIYADKTYQPEPQVGQTQWNSEVGATDKVAGRVLKDTTPMLPCYGSYAKPTNEKGGQANLITNGTDQTLTSDVNLQFFALANTPNVPKAVLYAENVAIEAPDTHLVYKPDVAQGTVSSADLLTQQAAPNRPNYIGFRDNFIGLMYYNSTGNMGVLAGQASQLNAVVDLQDRNTELSYQLMLDALGDRSRYFSMWNQAVDSYDPDVRIIENHGVEDELPNYCFPLGGSAATDTYSGIKANSGNWTADDTYADRGAEIESGNIFAMEINLAANLWRSFLYSNVALYLPDSYKITPDNITLPENKNTYAYMNGRVAVPSALDTYVNIGARWSPDPMDNVNPFNHHRNAGLRYRSMLLGNGRYVPFHIQVPQKFFAIKNLLLLPGSYTYEWNFRKDVNMILQSSLGNDLRVDGASVRFDSINLYANFFPMAHNTASTLEAMLRNDTNDQSFNDYLCAANMLYPIPSNATSVPISIPSRNWAAFRGWSFTRLKTKETPSLGSGFDPYFTYSGSVPYLDGTFYLNHTFKKVSIMFDSSVSWPGNDRLLTPNEFEIKRTVDGEGYNVAQCNMTKDWFLIQMLSHYNIGYQGFYVPESYKDRMYSFFRNFQPMSRQVVNTTTYKEYQNVTLPFQHNNSGFVGYMGPTMREGQAYPANYPYPLIGQTAVPSLTQKKFLCDRTMWRIPFSSNFMSMGALTDLGQNMLYANSAHALDMTFEVDPMDEPTLLYVLFEVFDVVRIHQPHRGVIEAVYLRTPFSAGNATT"
"69",">tr|A0A060ID94|A0A060ID94_ADE41 Shutoff protein OS=Human adenovirus F serotype 41 OX=10524 GN=L4 PE=2 SV=1","MEEDLIQPQPDSETLTSPTSEVGAVELVEHEDDERVEQDPGYVTPPKDGKESVPVSPLTEADYLGGEDDVLLKHVLRQSTIVQEAFKDYSGFPLTVEELSRTYEANLFSPRVPPKKQANGTCEPNPRLNFYPVFAVPEALATYHIFFKNQRIPLSCRANRTQGDRILHLKAGAHIPEIVSLEEVPKIFEGLGKDEKRAANALQKSETENQNVLVELDGDNARLAVLKRTIEVSHFAYPALNLPPKVMRSVMDHLLIKRVEPLDSDQPEQNSEDGQPVVSDDDLARWLDTHDPTTLQERRKMMMAVILITVELECLQRFFANPQTLRKIEESLHYAFRHGYVRQACKISNVELSNLVSYMGILHENRLGQNVLHCTLQGEARRDYVRDCIYLFLILTWQTAMGVWQQCLEERNLRELEKLLVRNRRELWTAFSERTAACQLADLIFPERLMQTLQNGLPDFVSQSILQNFRSFILERSGILPAMSCALPSDFVPLCYRECPPPLWSHCYLLRLANYLAHHSDLMENSSGEGLLECHCRCNLCTPHRSLVCNTELLNETQVIGTFEIQGPEQQEGASNLKLTPALWTSAYLRKFIPEDYHAHQIKFYEDQSRPPKAPLTACVITQSQILAQLQAIQQARQEFLLKKGHGVYLDPQTGEELNTPSPSAAASCRPQKHAAQREQASHCGSAVPKATETARAVGRGGGILGRQPGRGSFRRGGNGELGKSRRGAGGQTPQGRGGRNHRQRCGAVFQRTRSEPASDGESRTVPAAARLVESQP"
"70",">tr|A0A060ILN5|A0A060ILN5_ADE41 55K;E1B 55K OS=Human adenovirus F serotype 41 OX=10524 GN=E1B PE=4 SV=1","MERPNPSVGGVYSGLHDNGPVENPAAEEEGLRLLAGAASARSGSSAGGGGGGGGGGEPEGRSGSSNGIVTEPDPEEGTSSGQRGEKRKLENDGADFLKELTLSLMSRCYPESVWWADLEDEFKNGNMNLLYKYGFEQLKTHWMEPWEDWELALNMFAKVALRPDTIYTIKKTVNIRKCAYVIGNGAVVRFQTFDRVVFNCAMQSLGPGVIGMSGVTFNNVRFAADGFNGKVFASTTQLTLHGVFFQNCSGVCVDSWGRVSARGCTFVGCWKGLVGQNKSQMSVKKCVFERCILAMVVEGQARIRHNAGSENVCFLLLKGTASVKHNMICGTGHSQLLTCADGNCQTLKVIHVVSHQRRPWPVFEHNMLMRCTMHLGARRGMFSPYQSNFCHTKVLMETDAFSRVWWSGVFDLTIELYKVVRYDELKARCRPCECGANHIRLYPATLNVTEQLRTDHQMLSCLRTDYESSDED"
"71",">tr|A0A060ILQ0|A0A060ILQ0_ADE41 DNA-binding protein OS=Human adenovirus F serotype 41 OX=10524 GN=DBP PE=3 SV=1","MAGRQREHPTVTPYLQETSPERPPSLPPKKKLRKNLQVPEQVHAPTLSPEVVPDSEEDEEVLYHGFSYPGVEVVQKGNGKRQIRRLEKTVIPRDLTPPEEEENNQSGPSKAVTMLITNPQVDPLVSAWEKGMELMNVLMEKYHVENDEKTAFKFLPEQNAVYRKICQTWLNEERRGLSLTFTTQKTFTELMGRFLAAYVETYAGVKHHNWDTTGCAVWAHGCTREEGVLRCFHGREMIQKEQVVEVDVGSENGQRALKEQPSKTKVVQNRWGRSVVQIKNDDARCCAEDVSCGNNMFSSKSCGLFFSEGLKAQIAFKQMQAFLQAEYPQMQRGQQRILIPLRCECLNKKDLVPQLGRQMCKVTPFALSGAEDLKTNEVTDKSALASILHPCVLVFQCANPVYRNSRGSAGPNCDFKISAPDVISALQLVRQFWKENVEDPLPKLIIPEFKWSTRLQYRNVALPTGHGDAEIEPF"
"72",">tr|A0A060ILR1|A0A060ILR1_ADE41 Long fiber protein OS=Human adenovirus F serotype 41 OX=10524 GN= PE=4 SV=1","MKRARLEDDFNPVYPYEHYNPLDIPFITPPFASSNGLQEKPPGVLSLKYTDPLTTKNGALTLKLGTGLNIDENGDLSSDASVEVSAPITKTNKIVGLNYTKPLALRSNALTLSYNAPLNVVNNNLALNISQPVTVNANNELSLLIDAPLNADTGTLRLQSAAPLGLVDKTLKVLFSSPLYLDNNFLTLAIERPLALSSNRAVTLKYSPPLKIENENLTLSTGGPFTVSGGNLNLTTSAPLSVQNNSLSLFITSPLKVINSMLAVGVNPPFTITDSGLAMDLGDGLALGSSKLIINLGPGLQMSNGAITLALDAALPLQYRDNQLQLRIGSTSGLIMSGVTQTLNVNANTGKGLAVENNSLVVKLGNGLRFDSWGSITVSPTTTTPTTLWTTADPSPNATFYESLDAKVWLVLVKCNGMVNGTISIKAQKGILLRPTASFISFVMYFYSDGTWRKNYPVFDNEGILANSATWGYRQGQSANTNVSNAVEFMPSSKRYPNQKGSEVQNMALTYTFLQGDPNMAISFQSIYNHALEGYSLKFTWRVRNNERFDIPCCSFSYVTEQ"
"73",">tr|A0A060IMX8|A0A060IMX8_ADE41 E3 31.6K;Membrane glycoprotein E3 CR1-beta OS=Human adenovirus F serotype 41 OX=10524 GN= PE=4 SV=1","MLLFLLCLLFCSAYAAVPEKTLNNLVRVYALVGTNLSLDSMKTPQIDELTSLSWIKQEDNPNKNLQSFFFIGQKLCEVTKDKITVFNYYPLEFSCANVTLYLYNLKTDDSGLYNGKAHTKELEHNTYVRLYVIDIPPPKCDITSRYLGIQATGEDYCLIEINCTNSKYPAVVKFNGRQSNFYHYVSENGNKELPNFYETHITINGTHKSFHFNYPFNDLCQTTSALQYNDNVQVVLILLIVVGLIIISASLILLYCHRKKIKAEVQHQPVHICLEK"
"74",">tr|A0A0E3VL18|A0A0E3VL18_9CALI Nonstructural polyprotein OS=Norovirus Hu/GII/JP/2015/GII.P17_GII.17/Kawasaki308 OX=1634342 GN=POL PE=4 SV=1","KMASNDASAAVAGKNNNNDKEKSSSDSLFANMSVTFKKALGARSKQPPPGETKQIQKPPRPPTPELVKRIPPPPPNGEDEPGIVYKVGEGVSGLPDLTTVVQPDAQNTAYSVPPLSQREVGEAKEPLPGSILEMWDGEIYHYGLYVERGHVLGVHKPPAAISLAKIEITPLSLYWRVVYTPQYLIDPGTLKNLSGETFPYTAFDNNCDAFCCWVLDLNDSWLSRRMIQRTTGFFKPYQDWNRKPLPTMDEPKIKKAANAVLCALSSLFTRPIKDIIGKLRPLNILNILATCDWTFAGIVESLILLAELFGVFWTPPDVSAMIAPLLGDYEMQGPEDLAVELVPVVMGGIGLVLGFTKEKIGKMLSSAATTLRACKDLGSYGLEILKLVMKWFFPKKEEANELAMVRAIEDAVLDLEAIENNHMTTLLKDKDSLATYMRTLDLEEEKARKLSTKSASPDIVGTINALLARIAAARSLVHKAKEELSSRQRPVVVMISGRPGIGKTHLARELAKKVASTLSGDQRIGLVPRNGVDHWDAYKGERVVLWDDYGMSNPIQDALRLQELADTCPLTLNCDRIENKGKVFDSDAIIITTNLANPAPLDYVNFEACSRRIDFLVYADAPDIEKAKRDFPGQPDMWKDHFRPDFSHIKLQLAPQGGFDKNGNTPHGKGVVKSLTIGSLIARASGLLHERMDEFELQGSDLPTFNFDRNKVAAFRQLAAENKYGLMDTLRVGNQLKSVKTLDELKQAIKNISIKKCQIVYNGCTYTMESDGRGKVVVEKVQNATVQTNNELVGALHHLRSARIRYYVKCFQEAIYSLLQIAGAAFVTSRIVRRMNISNLWSKPPIEEGDEPEDRGGCPKPRDEDDLTIDSRDIKVEGKKGKNKSGRGKKHTAFSSKGLSDEEYDEYKRIREERNGKYSIEEYLQDRDRYYEELAIAKATEEDFCEEEEIKIRQRIFRPTRKQRKEERATLGLVTGSEIRKRNPDDFKPKGKLWADDNRSVDYNERIDFEAPPSVWSRIVNFGTGWGFWVSPSLFITSTHVIPKGITEAFGVPINQIQIHKSGEFCRLRFPKPIRPDVSGMILEEGAPEGTVVSILIKRTTGELMPLAVRMGTHATMKIQGRTVGGQMGMLLTGSNAKSMDLGTTPGDCGCPYIYKRGNDLVVIGVHTAAARGGNTVICATQGSEGEATLEGGDNKGTYCGAPILGPGNAPKLSTKTKFWRSSNAPLPPGTYEPAYLGGRDPRVKGGPSLQQVMRDQLKPFTEPRGKPPNPNVLESAKKTIINVLEQTIDPPQKWSYAQACASLDKTTSSGYPHHVRKNDYWSGESFTGKLADQASKANLMYEEGKHMQPVYTAALKDELVKTDKIYGKIKKRLLWGSDLSTMIRCARAFGGLMDEFKANCITLPIRVGMNMNEDGPIIFEKHSRYRYHYDADYSRWDSTQQRAVLEAALEIMVRFSAEPQLAQIVAEDLLSPSVVDVGDFKIAINEGLPSGVPCTSQWNSIAHWLLTLCALSEVTGLGPDIIQANSMYSFYGDDEIVSTDIKLDPEKLTAKLKEYGLKPTRPDKTEGPLVISEDLNGLTFLRRTVTRDPAGWFGKLDQNSILRQLYWTRGPNHEDPSETMIPHAQRPVQLMALLGESSLHGPSFYSKVSKLVISELKEGGMDFYVPRQESMFRWMRFSDLSTWEGDRNLAPSFVNEDGVE"
"75",">tr|A0A0E4B1P1|A0A0E4B1P1_9CALI Capsid protein VP1 OS=Norovirus Hu/GII/JP/2015/GII.P17_GII.17/Kawasaki308 OX=1634342 GN=VP1 PE=1 SV=1","MKMASNDAAPSNDGAAGLVPEGNNETLPLEPVAGAAIAAPVTGQNNIIDPWIRTNFVQAPNGEFTVSPRNSPGEILLNLELGPDLNPYLAHLSRMYNGYAGGVEVQVLLAGNAFTAGKILFAAVPPNFPVEFLSPAQITMLPHLIVDVRTLEPIMIPLPDVRNTFFHYSNQPNSRMRLVAMLYTPLRSNGSGDDVFTVSCRVLTRPTPDFEFTYLVPPSVESKTKPFSLPILTLSELTNSRFPVPIDSLFTAQNNVLQVQCQNGRCTLDGELQGTTQLLPTGICAFRGRVTAQINQRDRWHMQLQNLNGTTYDPTDDVPAPLGTPDFKGVVFGMVSQRNVGNDAPGSTRAQQAWVSTYSPQFVPKLGSVNLRISDNDDFQFQPTKFTPVGVNDDDDGHPFRQWELPNYSGELTLNMNLAPPVAPNFPGEQLLFFRSFVPCSGGYNQGIIDCLIPQEWIQHFYQESAPSQSDVALIRYVNPDTGRTLFEAKLHRSGYITVAHSGDYPLVVPANGHFRFDSWVNQFYSLAPMGTGNGRRRAQ"
"76",">tr|A0A0E4B3D6|A0A0E4B3D6_9CALI Capsid protein VP2 OS=Norovirus Hu/GII/JP/2015/GII.P17_GII.17/Kawasaki308 OX=1634342 GN=VP2 PE=4 SV=1","MAGAFIAGLAGDMLTSSVGSLVNAGANAINQKIDFENNKQLQSASFQHDKEMLQAQVRATKQLQSEMIALKQGVLAAGGFSPTDAARGSIGAPMTKVLDWSGTRYWAPNSTKTTGYSGQFTSSPVHMSSPNAPQSKPAKPRSLAPSSSSSSVYSMYTQSTHLTSGSSSNASSASTKLTSLSSGSSQNRTAEWVNQQRSLSPFMSGALNISHVTPPSSRASSSGTVSTVPKEVLDSWTSAFNTHRQPLFAHLRVRGESRV"
"77",">tr|A0A0G4PYJ3|A0A0G4PYJ3_9CALI Capsid protein VP1 OS=Norovirus GII/Hu/NL/2014/GII.6/Groningen OX=1665649 GN=VP1 PE=4 SV=1","MKMASNDAAPSNDGAANLVPEATSEVMALEPVVGASIAAPVVGQQNIIDPWIRENFVQAPQGEFTVSPRNSPGEMLLNLELGPELNPYLSHLSRMYNGYAGGMQVQVVLAGNAFTAGKIIFAAVPPHFPVENISAAQITMCPHVIVDVRQLEPVLLPLPDIRNRFFHYNQENTPRMRLVAMLYTPLRANSGEDVFTVSCRVLTRPAPDFEFTFLVPPTVESKTKPFTLPILTLGELSNSRFPAPIDMLYTDPNEAIVVQPQNGRCTLDGTLQGTTQLVPTQICSFRGTLISQTSRSADSTDSAPRVRNHPLHVQLKNLDGTPYDPTDEVPAVLGAIDFKGTVFGVASQRNTTGSSIGATRAHEVHIDTTNPRYAPKLGSVLMYSESTDFDDGQPTRFTPIGMGADDWHQWELPEYSGHLTLNMNLAPAVAPAFPGERILFFRSVVPSAGGYGSGHIDCLIPQEWVQHFYQEAAPSQSAVALIRYVNPDTGRNIFEAKLHREGFITVANSGNNPIVVPPNGYFRFEAWVNQFYTLTPMGTGQGRRRVQ"
"78",">tr|A0A0G4PYX5|A0A0G4PYX5_9CALI Capsid protein VP2 OS=Norovirus GII/Hu/NL/2014/GII.6/Groningen OX=1665649 GN=VP2 PE=4 SV=1","MAGAFLAGLVGDAITSGVGSLINAGANAINQKVEYDFNKQLQLASFKHDKEMLQSQVLATKQLQQEMMNIRQGVLSAGGFSPTDAARGAVNAPMTKILDWNGTRYFAPNSMKTTSYSGQFSSNPVHRQPTSPRSDPPKIKVNSDSASVYSSASSAPSQSTHSTALTAGSSSSRTTSSSAAASTLSRTSDWVRGQNERLSPFMDGALQTTFVTPPSSKASSYGSVSTVPKAVLDSWTPMFNTHRQPLFAHVRRRGESQI"
"79",">tr|A0A0G4PZF8|A0A0G4PZF8_9CALI Nonstructural polyprotein OS=Norovirus GII/Hu/NL/2014/GII.6/Groningen OX=1665649 GN=POL PE=4 SV=1","MKMASNDATAAFGSQNSVNDSINTAPSNKEEVGAFSNIKVGFKKMLGAVPKGTKAPSSDQHCPLVKIGTKTLTVPPEPPNGEDTVQFDAKSETVRGLPDLTTVQNEHENTPYTVPPLSEREHRPATEPLPGTILEMWDGEFYHYSVYVSGGKALGVHKPPAAISLATIELTPISLYWRPVYTPNYLVCPDTLKGLAGEKFPYTAFSNNCYNFCCWVLELNDTWLSRRSISRTTGFFKPYQSWNRKPLPTVDDGKIKKVANAILCALGSLFSKPIKDLLGKLKPLNLLHLLASCDWTFAGIVETVILMAELFNIFWTPPDVSSFIASLIGDFELQGPEDLAVELVPVVMGGIGMVLGFTAEKIGRMLSSAASTLRACKDLGNYALDILKLVMKWFFPKKEEKAEMETLRAIEDAVLDMEAIGNNHLTTLLKDKDSLTAFMKTLDLEEEKARKLSTKSSSPDIVGTINAILARIAAARSLLHKAKEEMFSRIRPVVVMISGRPGIGKTHMARHLAKSIANTMSGDQRVGLVPRNGVDHWDAYRGERVVLWDDYGMGNPVKDALTLQELADTCPVTLNCDRIENKGKMFDSDVIIITTNLVNPAPLDYVNFEACSRRVDFLVYAESPEIEKVKRDFPGQPDMWKDHFKPDFSHIKLTLAPQGGFDKNGNTPHGKGTMRSLTQGSLTARVAGLVHERRDEFQLQGNDLQTYNFDTNRVSAFRKLAADNKYGIMETMRVGTALKSVKTLEDLKVALRDVKFNECEIIYRNSKYRVSSNGKGSVSVDKVEDQTSQTANEVGAALLRLRQARARYYVSCFQDLVYTLIQVAGASFVVNRISKRFCWERWVKPTETQETSESEKEVAQGRWEIEPKDTEPEGKKGKNKKGRGKKHTAFSSKGLSDEEYDEFKRIREERNGKYSIEEYLQDRDRYYEEVAVARATEEDFCEEEEAKIRQRIFRPTKKQRKEERGVLGLVTGSDIRKRRPDDFQPKGNLWADDTRSVDYNERLDFEAPPSVWSRIVPLGTGWGFWVSSNLLITTTHVLPKGIKELFGVEIKQIQIHKSGEFCRFRFPRPIRPDVTGLVLEEGAPEGTVCSILVKRPTGEMIPLAVRMGTHASMKIQGRTVGGQMGMLLTGANAKNMDLGTGPGDCGCPYIYKRGNDIVVAGVHTAAARGGNTVICATQGQDGEAVLEGNENLGTYCGAPILGPGKAPKLSTKTKFWRSSPDALPPGTYEPAYLGGKDPRVEKGPSLQQVMRDQLKPFTEPRGKPPRPAVLEEAKKTVMNVLEQTIDPAKPWTYSQACASLDKTTSSGSPHHVRKNDHWNGESFTGPLADQASKANLMYEQAKHVQPVYTAALKDELVKTDKIYKKIKKRLLWGSDLGTMIRCARAFGGLMDSMKASCIALPCRVGMNMNEDGPIIFDKHSKYRYHYDADYSRWDSTQQRSILSAAMEVMVRFSAEPELAQVVAEDLLAPSQLDVGDFVISVQEGLPSGVPCTSQWNSIAHWILTLSAMAEVSGLSPDVVQAHSCFSFYGDDEIVSTDINLDPMKLTQKLREYGLVPTRPDKTEGPLVITEDLTGLTFLRRSIARDPAGWFGKLDQDSILRQLYWTRGPNHENPYESMVPHSQRATQLMALLGEASLHGPQFYKKVSKMVISEIKSGGLEFYVPRQEAMFRWMRFSDLSTWEGDRNLAPEGVNEDGVE"
"80",">tr|A0A0H2VTE4|A0A0H2VTE4_SHIFL Ferrienterobactin receptor OS=Shigella flexneri OX=623 GN=fepA PE=3 SV=1","MNKKIHSLALLVNLGIYGVAQAQEPTDTPVSHDDTIVVTAAEQNLQAPGVSTITADEIRKNPVARDVSEIIRTMPGVNLTGNSTSGQRGNNRQIDIRGMGPENTLILIDGKPVSSRNSVRQGWRGERDTRGDTSWVPPEMIERIEVLRGPAAARYGNGAAGGVVNIITKKGSGEWHGSWDAYFNAPEHKEEGATKRTNFSLTGPLGDEFSFRLYGNLDKTQADAWDINQGHQSARAGTYATTLPAGREGVINKDINGVVRWDFAPLQSLELEAGYSRQGNLYAGDTQNTNSDAYTRSKYGDETNRLYRQNYALTWNGGWDNGVTTSNWVQYEHTRNSRIPEGLAGGTEGKFNEKATQDFVDIDLDDVMLHSEVNLPIDFLVNQTLTLGTEWNQQRMKDLSSNTQALTGTNTGGAIDGVSATDRSPYSKAEIFSLFAENNMELTDSTIVTPGLRFDHHSIVGNNWSPALNISQGLGDDFTLKIGIARAYKAPSLYQTNPNYILYSKGQGCYASAGGCYLQGNDDLKVETSINKEIGLEFKRDGWLAGVTWFRNDYRNKIEAGYVAVGQNAVGTDLYQWDNVPKAVVEGLEGSLNVPVSETVMWTNNITYMLKSENKTTGDRLSIIPEYTLNSTLSWQAREDLSMQTTFTWYGKQQPKKYNYKGQPAVGPETKEISPYSIVGLSATWDVTKNVSLTGGVDNLFDKRLWRAGNAQTTGDLAGANYIAGAGAYTYNEPGRTWYMSINTHF"
"81",">tr|A0A2S4MXM8|A0A2S4MXM8_SHIFL Putative outer membrane porin protein C precurser OS=Shigella flexneri OX=623 GN=nmpC PE=3 SV=1","MKKLTVAISAVAASVLMAMSAQAAEIYNKDSNKLDLYGKVNAKHYFSSNDADDGDTTYVRLGFKGETQINDQLTGFGQWEYEFKGNRAESQGSSKDKTRLAFAGLKFGDYGSIDYGRNYGVAYDIGAWTDVLPEFGGDTWTQTDVFMTGRTTGVATYRNNDFFGLVDGLNFAAQYQGKNDRTDVTEANGDGFGFSTTYEYEGFGVGATYAKSDRTNDQVIYGNNSLNASGQNAEVWAAGLKYDANNIYLATTYSETQNMTVFGNNHIANKAQNFEVVAQYQFDFGLRPSVAYLQSKGKDLGAWGDQDLIEYIDVGATYYFNKNMSTFVDYKINLIDKSDFTKASGVATDDIVAVGLVYQF"
"82",">tr|A0A658Y4J7|A0A658Y4J7_SHIFL RING-type E3 ubiquitin transferase OS=Shigella flexneri OX=623 GN=ipaH3_2 PE=3 SV=1","MLPVNNPPLSTGNVSFYRTTSIDNVHNNYLSEWVEWTKNSTSGENRETAFTRLQLCLENSETSLDLSCLGLRSLPRLPDNLDEINVSNNQLSMLPELPRALKELNASSNQLSALPELPVSLEYINVSDNHLFALPELPASLEYINVSDNHLSVLPRLPMSLELLDAARNALEVIPDFPERDDHIIRIFWLNQNRITAIPESILGLSSDSVVNLRENQLSPRIMQTLLQQTAQPDYHGPRIYFSMSDGQQNTLHRPLADAVTAWFPENKQSDVSQIWHAFEHEEHANTFSAFLDRLSDTVSARNTSGFREQVAAWLEKLSASAELRQQSFTVAADATESCEDRVALTWNNLRKTLLVHQASEGLFDNDTGALLSLGREMFRLEILEDIARDKVRTLHFVDEIEVYLAFQTMLAEKLQLSTAVKEMRFYGVSGVTANDLRTAEAMVRSREENEFTDWFSLWGPWHAVLKRTEADRWAQAEEQKYEMLENEYPQRVADRLKASGLSGDADAEREAGAQVMRETEQQIYRQLTDEVLALRLSENGSQLHHS"
"83",">tr|A0SHR7|A0SHR7_CRYPV Cp23 antigen OS=Cryptosporidium parvum OX=5807 PE=4 SV=1","MGCSSSKPETKVADNKSAADANKQRELAEKKAQLAKAVKNPAPISNQPQAKPEEPKKAEPAPVPAPAPVPAPAPAPVPTPAPVPEAPAAEAPSNQAPAPVPAEAPAAEAPVDQNGVPQEKPADA"
"84",">tr|B5SNR1|B5SNR1_ADE41 E1B protein, small T-antigen OS=Human adenovirus F serotype 41 OX=10524 GN=E1B PE=3 SV=1","MEFWSELQSYQSLRRLLELASARTSSCWRFIFGSTLTNVIYRAKEDYSSRFAELLSFNPGIFASLNLGHHSFFQEIVIKNLDFSSPGRTVSGLAFICFILDQWSAQTHLSEGYTLDYMTMALWRTLLRRKRVLGCSPAQPPHGLDPVREEEEEEEEEENLRAGLDPQTEL"
"85",">tr|B5SNR3|B5SNR3_ADE41 Hexon-interlacing protein OS=Human adenovirus F serotype 41 OX=10524 GN=IX PE=2 SV=1","MSGSMEGNAVSFKGGVFSPYLTTRLPAWAGVRQNVMGSNVDGRPVAPANSATLTYATVGSSVDTAAAAAASAAASTARGMAADFGLYNQLAASRSLREEDALSVVLTRLEELSQQLQDLFAKVALLNPPANAS"
"86",">tr|B5SNR4|B5SNR4_ADE41 Packaging protein 1 OS=Human adenovirus F serotype 41 OX=10524 GN=IVa2 PE=2 SV=1","METRGRRRALSHQQDEPEENPGKRPARSASLHCHRDHPNANSSALERHHPRPSGRPPAGTVQPKPAQSPQPRSLLDRDAIEHITELWDRLYLLRQSLEKMTMADGLKPLKHFRNLEELLSLGGERLLQDLVRENQHVRSMMNEVTPLLREDGSCSSLNYQLQPVIGVIYGPTGCGKSQLLRNLLSSQLINPPPETVFFIAPQVDMIPPSEIKAWEMQICEGNYAPGPEGTIIPQSGTLLPRFVKMAYDELTLEQNYDVSHPNNIFAKAAAKGPIAIIMDECMENLGGHKGVSKFFHAFPSKLHDKFPKCTGYTVLVVLHNMNPRRDLGGNIANLKIQAKMHLISPRMHPSQLNRFVNTFTKGLPLAISLLLKDIFQFHAQKPCYDWIIYNTTPEHDALQWSYLHPRDGLMPMYLNIQAHLYRVLENIHKVLNDRDRWSRAYRKRNK"
"87",">tr|B5SNR6|B5SNR6_ADE41 I-leader protein;Leader protein OS=Human adenovirus F serotype 41 OX=10524 GN= PE=4 SV=1","MRADRKEIDLLPPAGGLGVDMMKVEVSPADRAFVLIFVKAGAILAALHVLHLLNEVYLAPSHEKSEREIKRLLSALPFSLVVLFCTCTLLLWEDDGGSDDAPRGAGPNLDAGRLKPESERADLGAVQGVQEGFAEAGGQRTKVNLQKAGKGGRQALMKLNFKGGVGGSVNSVEETLSSGGYNGSSEAEG"
"88",">tr|B5SNR7|B5SNR7_ADE41 Preterminal protein OS=Human adenovirus F serotype 41 OX=10524 GN=PTP PE=3 SV=1","MERFSPLRNIWNRVREFTRAATTSAGITWLSRYVYHYHRLMLEDLAPGAPATLRWPLYREPPPHFLVGYQYLVRTCNDYVFESRAYSRLRYTEITQPGMQVVNWSVMANCTYTINTGSYHRFVDLDDFQNTLTQIQQAVLAERVVADLALLEPLRGFGSTRMADRGDIEIPVERLMQDFYKDLRRCQSEAWGMADRLRIQQAGPKDVILLATIRRLKTAYFNYLISSITSRGNPQPTVLSLPCDCDWLDAFLEKFSDPVQLDSLNNAWQSLPTQQIIKCIVSALSLPEGPHLLPPISGTGLQGGVFELRPRENGHAVTETMRRRRGEIIERFVDRLPIRRRRRRPVPAPASPEVPVAEEEELMEEEIEEAPGAFEREVRETVAELIRLLQDELTVAARNSQFFNFAVDFYEAMERLEALGNINEMTLRRWVMYFFVCEHIATTLNYLFQRLRNYAVFARHVELNVAQVVMRARDDTGDVVYSRVWNENGLNAFSQLMGRISNDLAATVERAGWGELQEEEIDQFMSEIAYQDNSGDVQEILRQVAVNDAEIDSVELSFRFRVRGPLVFTQQRRIQELNRRVVAHASQLRAQHQPLPELQANVLLPPLQAGPEPPLPPGARPRQMM"
"89",">tr|B5SNR8|B5SNR8_ADE41 Packaging protein 3 OS=Human adenovirus F serotype 41 OX=10524 GN=L1 PE=2 SV=1","MHPVLRQMRPTQPTLPPPTSAQAAVALSGAGGGDPDEEAMLDLEEGEGLARLGAPSPEHHPRVQLKRDARQAYVPPQNLFRDRSGQEPEEMRDRRFHAGKELRAGFNSQRVLRAEDFEPDKRSGVSPARAHVSAADLVTAYEQTVNEERNFQKTFNNHVRTLVAREEVAIGLMHLWDFMEAYVQNPASKPLTAQLFLIVQHSRDNETFREAMLNIAEPEGRWLLDLVNILQSIVVQERSLSLADKVAAINYSMLSLGKFYARKIYKTPYVPIDKEVKIDSFYMRMALKVLTLSDDLGVYRNDRIHKAVSASRRRELSDRELMHSLRRALTGAGGDANAESYFDMGADLQWQPSARALEAVGYRNAMQEEDEEEDYEDEP"
"90",">tr|B5SNS3|B5SNS3_ADE41 Core protein pX;L2 pMu;L2 pMu protein OS=Human adenovirus F serotype 41 OX=10524 GN= PE=4 SV=1","MALTCRFRIPVSSYRGRSRRRRGMLGSGRRRALRRRMKGGFLPALIPIIAAAIGAIPGIASVALQARKQ"
"91",">tr|B5SNT5|B5SNT5_ADE41 Truncated U exon protein OS=Human adenovirus F serotype 41 OX=10524 GN= PE=4 SV=1","MKIVGQGKKVNTDIPFRTWRKFAARWHIPYESWEEGQVVLLEKLDKQLISNLR"
"92",">tr|B5SNU1|B5SNU1_ADE41 Control protein E4orf2;Putative E4 protein 2 OS=Human adenovirus F serotype 41 OX=10524 GN= PE=4 SV=1","MFLLRPIFISVVVPQPLMFYLNNMDISVVDFLKTNMSEFLLHILHCVTPVFQAAYCGFTLTSLAPTLEMICCVASPELLPDSELTELICNDLDDFVQLMLRTEIRDRGFEPDVDLLNELQVTREPDLFQP"
"93",">tr|D9N201|D9N201_9CALI Polyprotein OS=Norovirus Hu/GII-4/Hokkaido5/2008/JP OX=707451 GN= PE=4 SV=1","MKMASNDASAAAVANSNNDTAKSSSDGVLSSMAVTFKRALGARPKQPPPREIPQRPPRPPTPELIKNIPPPPPNGEDDIVVFYNVKDGVSGLPDLSTVRQPEESNTAFSVPPLNQRENRDAKEPLTGTILEMWDGEIYHYGLYVERGLVLGVHKPPAAISLARVELTPLSLYWRPVYTPQYLISPDALKKLHGETFPYTAFDNNCYAFCCWVLDLNDSWLSRRMIQRTTDFFRPYQDWNRKPLPTMDDSKLKKVANIFLCALSSLFTRPIKDLIGRLRPLNILNILASCDWTFAGIVESLILLAELFGVFWTPPDVSAMIAPLLGDYELQGPEDLAVELVPVVMGGIGLVLGFTKEKIGKMLSSAASTLRACKDLGAYGLEILKLVMKWFFPKKEEANELAIVRSIEDAVLDLEAIENNHMTTLLKDKDSLATYMRTLDLEEEKARKLSTKSASPDIVGTINALLARIAAARSLVHRAKEELSSRPRPVVLMISGRPGIGKTHLAREVAKRIAASLTGDQRVGLVPRNGVDHWDAYKGERVVLWDDYGMSNPIHDALRLQELADTCPLTLNCDRIENKGKVFDSDVIIITTNLANPAPLDYVNFEACSRRIDFLVYAEAPEVEKAKRDFPGQPDMWKNAFSSDFSHIKLTLAPQGGFDKNGNTPHGKGVMKTLTTGSLIARASGLLHERLDEFELQGPTLTTFNFDRNKVLAFRQLAAENKYGLMDTMKVGRQLKDVRTMPELKQALKNISIKKCQIVYSGSTYTLESDGKGNVKVDRVQSTSVQTNNELAGALHHLRCARIRYYVRCVQEALYSIIQIAGAAFVTTRIVKRMNIQNLWSKPQVENTEETTSKDGCPKPKDDEEFVISSDDIKTEGKKGKNKTGRGKKHTAFSSKGLSDEEYDEYKRIREERNGKYSIEEYLQDRDKYYEEVAIARATEEDFCEEEEAKIRQRIFRPTRKQRKEERASLGLVTGSEIRKRNPDDFKPKGKLWADDDRSVDYNEKLSFEAPPSIWSRIVSFGSGWGFWVSPSLFITSTHVIPQGAKEFFGVPIKQIQVHKSGEFCRLRFPKPIRTDVTGMILEEGAPEGTVVTLLIKRPTGELMPLAARMGTHATMKIQGRTVGGQMGMLLTGSNAKSMDLGTTPGDCGCPYIYKRGNDYVAIGVHTAAARGGNTVICATQGSEGEATLEGGDNKGTYCGAPILGPGSAPKLSTKTKFWRSSTAPLPPGTYEPAYLGGKDPRVKGGPSLQQVMRDQLKPFTEPRGRPPKPSVLEAAKKTIINVLEQTIDPPEKWSFAQACASLDKTTSSGHPHHMRKNDCWNGESFTGKLADQASKANLMFEEGKNMTPVYTAALKDELVKTDKIYGKIKKRLLWGSDLATMIRCARAFGGLMDELKAHCVTLPIRVGMNMNEDGPIIFERHSRYTYHYDADYSRWDSTQQRAVLAAALEIMVKFSPEPHLAQVVAEDLLSPSVVDVGDFTISINEGLPSGVPCTSQWNSIAHWLLTLCALSEVTNLSPDTIQANSLFSFYGDDEIVSTDIKLDPEKLTAKLREYGLKPTRPDKTEGPLVISEDLNGLTFLRRTVTRDPAGWFGKLEQSSILRQMYWTRGSNHEDPSETMIPHSQRPIQLMSLLGEAALHGPAFYSKISKLVIAELKEGGMDFYVPRQEPMFRWMRFSDLSTWEGDRNLAPSSVNEDGVE"
"94",">tr|D9N202|D9N202_9CALI VP1 OS=Norovirus Hu/GII-4/Hokkaido5/2008/JP OX=707451 GN= PE=4 SV=1","MKMASSDANPSDGSTANLVPEVNNEVMALEPVVGAAIAAPVAGQQNVIDPWIRNNFVQAPGGEFTVSPRNAPGEILWSAPLGPDLNPYLSHLARMYNGYAGGFEVQVILAGNAFTAGKIIFAAVPPNFPTEGLSPSQVTMFPHIIVDVRQLEPVLIPLPDVRNNFYHYNQSNDPTIKLIAMLYTPLRANNAGDDVFTVSCRVLTRPSPDFDFIFLVPPTVESRTKPFSVPILTVEEMTNSRFPIPLEKLFTGPSSAFVVQPQNGRCTTDGVLLGTTQLSPVNICTFRGDVTHITGSRNYTMNLATQNWNSYDPTEEIPAPLGTPDFVGKIQGVLTQTTRADGSTRGHKATVYTGSADFAPKLGRVQFATDTDNDFDANQNTKFTPVGVIQDGNTAHRNEPQQWVLPSYSGRNSHNVHLAPAVAPTFPGEQLLFFRSTMPGCSGYPNMDLDCLLPQEWVQYFYQEAAPAQSDVALLRFVNPDTGRVLFECKLHKSGYVTVAHTGQHDLVIPPNGYFRFDSWVNQFYTLAPMGNGTGRRRAL"
"95",">tr|D9N203|D9N203_9CALI VP2 OS=Norovirus Hu/GII-4/Hokkaido5/2008/JP OX=707451 GN= PE=4 SV=1","MAGAFFAGLASDVLGSGLGSLINAGAGAINQKVEFENNRKLQQASFQFSSNLQQASFQHDKEMLQAQIEATKKLQQEMMRVKQAMLLEGGFSETDAARGAINAPMTKALDWSGTRYWAPDARTTTYNAGHFSTPQSSGALPGRANLRAAVPARGSSSTSSNSSTATSVYSNQTISTRLGSTAGSGTSVSSLPSTARARSWVEDQNRNLSPFMRGAHNISFVTPPSSRSSSQGTVSTVPKEVLDSWTGAFNTRRQPLFAHIRKRGESRA"
"96",">tr|E1Q074|E1Q074_HELPM Outer membrane protein HefD OS=Helicobacter pylori (strain SJM180) OX=765962 GN=HPSJM_04960 PE=3 SV=1","MRFSGFKRCQRVWRFCLGATFLMSMFSAGMLDAKTFTLQEFFKEVETNSMELIGKKADFKSRLNEQRSVNAWDFPYIMNETSMVKNFQGIIEAQPRTLLMVRPKLPWVSSLLSKSLSIKTIQYDKSYQLSKNLAFIGAKRLYLTYVMTKEKYQVYVQREANFYSQLKIAKEKVKAGSMSEKDYINFNNSYLESKLAKTNVETKLIDLEKMLDTMLAIVEPVKEGAHFDTYLNHLHDVKVIGLDFEYVRLEPEALKFKLDRSLYVDILDLTAKDYQVNAKLANRDVFNGFEFGIGSESYNSSTNLSVEVYIPLPVTPKNIYQKRKFLDLQSGTLAQNEVMKRNIRINANSYLNQLKTKEAYIETQKEAIANKKRLMEMGRIAYEAQKIGLFEYLIYQNSYMDALITLAEAKIEYIDISALLEETLGESLTRLGVLH"
"97",">tr|E2IJY3|E2IJY3_ADE41 Pre-histone-like nucleoprotein OS=Human adenovirus F serotype 41 OX=10524 GN=L2 PE=2 SV=1","MSILISPDNNTGWGLHSAGMYGGAKRRSSQHPVRVRGHYRAPWGAHTRGIISARTTVDDVIDSVVADARRYQRPTSTVDSVIDSVVADARRYAQRKSRLRRRRRRPTTAMIAARAVLRRARRIGRRAMRRAAAAASAGRARRQAARQAAAAIASMAQPRRGNVYWVRDASGVRVPVRTRPPRS"
"98",">tr|E2IJY4|E2IJY4_ADE41 Core-capsid bridging protein OS=Human adenovirus F serotype 41 OX=10524 GN=L2 PE=2 SV=1","MSKRKFKEELLEALVPEIYGPAADVKPDIKPRALKRVKKREKKEETGLLDDGVEFVRTFAPRRQVQWRGRKVKRVLRPGTTVVFTPGERSATRALKREYDEVYADEDILEQAAQQIGEFAYGKRGRYGEVGLLLDQSNPTPSLKPATQQQILPVTETKRGVKRENKDELQPTMQLMVPKRQKLEEVLENMKVDPSVEPEVKVRPIKEIGPGLGVQTVDIQIPVRTTPAVAMAEAMETQTDQPAPVTTREIGLQTDPRYESVTSTRRSRVRKYTAANSILPEYALHPSITPTPGYRGTIFRPSRPRTTRRRRTTRRRSRRITPISVHRVTRRGRTITLPNARYHPSILI"
"99",">tr|E2IJY6|E2IJY6_ADE41 Pre-protein VI OS=Human adenovirus F serotype 41 OX=10524 GN=L3 PE=2 SV=1","MEDINFASLAPRHGSRPFMGTWNEIGTSQLNGGAFSWSSLWSGIKNFGSSIKSFGNKAWNSNTGQMLRDKLKDQNFQQKVVDGLASGINGVVDIANQALQNQINQRLENSRQPPVALKQRPTPEPEEVEVEEKLPPLETAPPLPSKGEKRPRPELEETLVVESREPPSYEQALKEGASYPMTRPIGSMARPVYGKEKTPVTLELPPPAPTVPPMPAPTLGTNVPRLAAPTVAVATPARRVRGANWQSTLNSIVGLGVKSLKRRRCY"
"100",">tr|E2IJY8|E2IJY8_ADE41 Protease OS=Human adenovirus F serotype 41 OX=10524 GN=L3 PE=2 SV=1","MGSSEQELAAIVRDLGCGPYFLGTFDKRFPGFMAPNKLACAIVNTAGRETGGVHWLALAWNPKSHTCYLFDPFGFSDERLKQIYQFEYEGLLKRSALASTPDHCITLVKSTQTVQGPFSAACGLFCCMFLHAFIHWPSNPMEQNPTMDLLTGVPNSMLQSPQVEPTLRRNQERLYRFLTQHSPYFRRHRERIEKATAFDQMKNAQVLFHNKIFY"
"101",">tr|E5EZ45|E5EZ45_GIAIN Variant surface protein 3 (Fragment) OS=Giardia intestinalis OX=5741 GN=VSP3 PE=4 SV=1","SGCKASGGKCTECGANYALLSGGCYNTQKLPGSSVCTAAQNKGQCQTCANGQSPAGGKCPACTEGCVKCAGSKETCTDCLAGYYKTIDNKCVKCTASSGDNNQITGVENCISCAPPAGGSGPVTCYVTQQKADDGTGGDTGGDSTNR"
"102",">tr|E5EZ46|E5EZ46_GIAIN Variant surface protein 5 (Fragment) OS=Giardia intestinalis OX=5741 GN=VSP5 PE=4 SV=1","ECKTPANKGGCSVCASGYFLLDNGCYKTDRQPGSQVCKTEGSGKCTKCANEQTPDQQGSCPACPAGCSKCSDANTCTECLAGYYKTSANTCVKCDTDDNTIKGVPNCVSCKEPSGGSGTVTCYVTQTPAVNPTDPSVNK"
"103",">tr|F8WQQ3|F8WQQ3_ADE41 Short fiber protein OS=Human adenovirus F serotype 41 OX=10524 GN= PE=4 SV=1","MKRTRIEDDFNPVYPYDTFSTPSIPYVAPPFVSSDGLQEKPPGVLALKYTDPITTNAKHELTLKLGSNITLENGLLSATVPTVSPPLTNSNNSLGLATSAPIAVSANSLTLATAAPLTVSNNQLSINAGRGLVITNNAVAVNPTGALGFNNTGALQLNAAGGMRVDGANLILHVAYPFEAVNQLTLRLENGLEVTSGGKLNVKLGSGLQFDSNGRIAISNSNRTRSVPSLTTIWSISPTPNCSIYETQDANLFLCLTKNGAHVLGTITIKGLKGALREMHDNALSLKLPFDNQGNLLNCALESSTWRYQETDAVASNALTFMPNSTVYPRNKTADPGNMLIQISPNITFSVVYNEINSGYAFTFKWSAEPGKPFHPPTAVFCYITEQ"
"104",">tr|Q0PCA8|Q0PCA8_CAMJE Disulphide bond formation protein OS=Campylobacter jejuni subsp. jejuni serotype O:2 (strain ATCC 700819 / NCTC 11168) OX=192222 GN=dsbI PE=4 SV=1","MNEINKTKNFYTLMCLAGFLIILLPVGIANLIFGYMLGDSPCTLCWGQREAMIFIGVMALFIVRYGMKGKYLAALLIMTAVGLYQSFAHYGNHAHRDLDQGFGLAVFGIHTYFWAEVVFWAVVLLLGVIFAFAPKFNAFEAELNGEKFRKYTKFSFAAVLISAIIVASNVFQAFVSTGIPPYVGQGDPVRFSLNPKYIIWSKEGWNGLWQNISFLGKRDVKAPDYAFAPASEKLGIKFDNDINNAPFAKINDELKITNEQTINFDKAINTLDYINNEFVASSKWDVAFLDNNFSVKEGFELDPYFSASIDPIIGIIPYMNDKFILMGSNKSFLRFAKNPNASEEDIAKQYADFVKGNDKFKGQGESLGRGRLDTVRAKFNHVASMTTDGNYLYLATVPNNKDAKTFVISKVSLKDRVLSGEFTPKANLKEGKTLGDLYVTSMTFKDGEIYALSKNHNVIAVIDPVKEEVVKTIAFPSSITNARSIFFKDGKINILSYQDGANKLYTLN"
"105",">tr|Q0PRR7|Q0PRR7_ECOLX Enterotoxin OS=Escherichia coli OX=562 GN=eltB PE=4 SV=1","MNKVKCYVLFTALLSSLYAHGAPQTITELCSEYRNTQIYTINDKILSYTESMAGKREMVIITFKSGETFQVEVPGSQHIDSQKKAIERMKDTLRITYLTETKIDKLCVWNNKTPNSIAAISMKN"
"106",">tr|Q29XT7|Q29XT7_ECOLX EtpA OS=Escherichia coli OX=562 GN=etpA PE=1 SV=1","MNRIYKLKFDKRRNELVVVSEITTGVGNAKATGSVEGEKSPRRGVRAMALSLLSGMMIMAHPAMSANLPTGGQIVAGSGSIQTPSGNQMNIHQNSQNMVANWNSFDIGKGNTVQFDQPSSSAVALNRVVGGGESQIMGNLKANGQVFLVNPNGVLFGEGASVSTSGFVASTRDIKNDDFMNRRYTFSGGQKAGAAIVNQGELTTNAGGYIVLAADRVSNSGTIRTPGGKTVLAASERITLQLDNGGLMSVQVTGDVVNALVENRGLVSARDGQVYLTALGRGMLMNTVLNVSGVVEASGMHRQDGNIVLDGGDSGVVHLSGTLQADNASGQGGKVVVQGKNILLDKGSNITATGGQGGGEVYVGGGWQGKDSNIRNADKVVMQGGARIDVSATQQGNGGTAVLWSDSYTNFHGQISAKGGETGGNGGRVETSSHGNLQAFGTVSASAKKGKAGNWLLDSADITIVNGSNVSKTETTQSPPHTQFAPTAAGSAVSNTSINNRLNNGTSVTILTHRTRTGTAQGGNITVNAAINKSNGSDVNLTLQAGGNITVNNSITSTEGKLNVNLSGARTSNGSITISNNANITTNGGDITVGTTNTSNRVNISINNTTLNASNGNIQLTGTGTDSGILFAGNNRLTASNIALTGNSTSGNAINLTGTATLNATNNITLTGSSTSGNAINLKGNNTLTASNITLTGESTSGNAINLTDTTGTTTLNATNNITMQGTRVQIKHSNITAGNFALNATVAGSEISNTTLTATNNINLAAKTNSASSGVYLKDARITSTNGSITANGTATANGKATHLDGNVTLNASNGRIKLTGNGHGSASGILFAGNNRLTASNIALTGNSTSGNAINLTGTATLNATNDITLTGSSTSGNAINLTGTATLNATNNITLTGSSTSGNAINLKGNNTLTASNITLTGESTSGNAINLTDTTGTTTLNATNNITMQGTRVQIKHSNITAGNFALNATVAGSEISNTTLTATNNINLAAKTNSASSGVYLKDARITSTNGSITANGTATANGKATHLDGNVTLNASNGRIKLTGNGHGSASGILFAGNNRLTASNIALTGNSTSGNAINLTGTATLNATNDITLTGSSTSGNAINLTGTATLNATNNITLTGSSTSGNAINLKGNNTLTASNITLTGESTSGNAINLTDTTGTTTLNATNNITMQGTRVQIKHSNITAGNFALNATVAGSEISNTTLTATNNINLAAKTNSASSGVYLKDARITSTNGSITANGTATANGKATHLDGNVTLNASNGRIKLTGNGHGSASGILFAGNNRLTASNIALTGNSTSGNAINLTGTATLNATNDITLTGSSTSGNAINLTGTATLNATNNITLTGSSTSGNAINLKGNNTLTASNITLTGESTSGNAINLTDTTGTTTLNATNNITMQGTRVQIKHSNITAGNFALNATVAGSEISNTTLTATNNINLAAKTNSASSGVYLKDARITSTNGSITTNGTATANGKATHLDGNVTLNASNGRIKLTGNGHGSASGILFAGNNRLTASNIALTGNSTSGNAINLTGTATLNATNDITLTGSSTSGNAINLTGTATLNATNNITLTGSSTSGNAINLKGNNTLTASNITLTGESTSGNAINLTDTTGTTTLNATNNITMQGTRVQIKHSNITAGNFALNATVAGSEISNTTLTATNNINLAAKTNSASSGVYLKDARITSTNGSITANGTAPANDNATYLDGNVTLNASNGSIKLTGNGNGSTSGILFAGNNTLTASNITLTGNSEVYWQ"
"107",">tr|Q2KMJ3|Q2KMJ3_SCHMA Secretory glycoprotein k5 OS=Schistosoma mansoni OX=6183 PE=2 SV=1","MLQEYNLLINGVTLLISLSGLICEAQSPTNDEMHATISEYGRLYITNIHIHYRLLIMALSPNMKFTPGEADNILHKSEEEHQVKWALNYLNAARSTWKLENEDMFKKTMSSYVGVNKTIVPNFCMTMLQQSSARNWDTNIQKDITYGCEVLKKYSELKWGARKKLDLMTIRWLNGSDENGQSQHISDKGFNYHSKKEYLECAQSVMKIHRTKAEVDCRSTVGEFLKLQQVKDTPSSKTQAIQFDKINENFNKSLVELKRRVENLEINRINYLKFMNPMERVISVIDAMEEEVDHKYGVYM"
"108",">tr|Q2Y2H4|Q2Y2H4_SCHMA Hepatotoxic ribonuclease omega-1 OS=Schistosoma mansoni OX=6183 PE=2 SV=1","MMRAQSLCFLVSILVTILHVGYSQNSWDYYVFSVTWPPTYCESIQCRLPRGLRDFTIHGLWPTIFPNRQPNCTGSLRFDIRRLQGIRNELDLMWPHLKNYRESPSFWKHEFEKHGLCAVEDPQVFNQYGYFKFGIQLMQKLNLLKTLMKYRISPHDSRQYDTINLMNVLEREFGYNGSANCIRKPGRRGMYHLEEVHVCLNRKHEFMNCPFLGNCPKKFIFPPFQ"
"109",">tr|Q3YTQ2|Q3YTQ2_SHISS IpaB OS=Shigella sonnei (strain Ss046) OX=300269 GN=ipaB PE=4 SV=1","MHNVSTTTTGLSLAKILASTELGDNTIQAANDAANKLFSLTIADLTANKNINTTNSHSTSNILIPELKAPKSLNASSQLTLLIGNLIQILGEKSLTALTNKITAWKSQQQARQQKNLEFSDKINTLLSETEGLTRDYEKQINKLKNADSKIKDLENKINQIQTRLSELDPDSPEKKKLSREEIQLTIKKDAAVKDRTLIEQKTLSIHSKLTDKSMQLEKEIDSFSAFSNTASAEQLSTQQKSLTGLASVTQLMATFIQLVGKNNEESLKNDLALFQSLQESRKTEMERKSDEYAAEVRKAEELNRVMGCVGKILGALLTIVSVVAAAFSGGASLALAAVGLALMVTDAIVQAATGNSFMEQALNPIMKAVIEPLIKLLSDAFTKMLEGLGVDSKKAKMIGSILGAIAGALVLVAAVVLVATVGKQAAAKLAENIGKIIGKTLTDLIPKFLKNFSSQLDDLITNAVARLNKFLGAAGDEVISKQIISTHLNQAVLLGESVNSATQAGGSVASAVFQNSASTNLADLTLSKYQVEQLSKYISEAIEKFGQLQEVIADLLASMSNSQANRTDVAKAILQQTTA"
"110",">tr|Q3YTQ3|Q3YTQ3_SHISS IpaC OS=Shigella sonnei (strain Ss046) OX=300269 GN=ipaC PE=3 SV=1","MEIQNTKSTQILYTDISTKQTQSSSETQKSQNYQQIAAHIPLNVGKNPVLTTTLNDDQLLKLSEQVQHDSEIIARLTDKKMKDLSEMSHTLTPENTLDISSLSSNAVSLIISVAVLLSALRTAETKLGSQLSLIAFDATKSAAENIVRQGLAALSSSITGAVTQVGITGIGAKKTHSGISDQKGALRKNLATAQSLEKELAGSKLGLNKQIDTNITSPQTNSSTKFLGKNKLAPDNISLSTEHKTSLSSPDISLQDKIDTQRRTYELNTLSAQQKQNIGRATMDTSAVAGNISTSGGRYASALEEEEQLISQASSKQAEEASQVSKEASQATNQLIQKLLNIIDSITQSRNSTASQIAGNIRA"
"111",">tr|Q3YTQ4|Q3YTQ4_SHISS IpaD OS=Shigella sonnei (strain Ss046) OX=300269 GN=ipaD PE=3 SV=1","MNITTLTNSISTSSFSPNNTNGSSTETVNSDIKTTTSSHPVSSLTMLNDTLHNIRTTNQALKKELSQKTLTKTSLEEIALHSSQISMDVNKSAQLLDILSRNEYPINKDARELLHSAPKEAELDGDQMISHRELWAKIANSINDINEQYLKVYEHAVSSYTQMYQDFSAVLSSLAGWISPGGNDGNSVKLQVNSLKKALEELKKKYEDKPLYPATNTVSQKEADKWLTELGGTIGKVSKKNGGYVVNINMTPIDNMLKSLNNLGGNGEVVLDNAKYQAWNAGFSAEDETMKNNLQTLVQKYSNANSIFDNLVKVLSSTISSCTDTDKLFLHF"
"112",">tr|Q3YTQ5|Q3YTQ5_SHISS IpaA OS=Shigella sonnei (strain Ss046) OX=300269 GN=ipaA PE=3 SV=1","MHNVNNTQAPTFLYKATSPSSTEYSELKSKISDIHSSQTSLKTPASVSEKESFATSFNQKCLDFLFSSSGKEDVLRSIYSNSMNAYAKSEILEFSNVLYSLVHQNGLNFENEKGLQKIVAQYSELIIKDKLSQDSAFGPWSAKNKKLHQLRQNIEHRLALLAQQHTSGEALSLGQKLLNTEVSSFIKNNILAELKLSNETVSSLKLDDLVDAQAKLAFDSLRNQRKNTIDSKGFGIGKLSRDLNTVAVFPELLRKVLNDILEDIKDSHPIQDGLPTPPEDMPDGGPTPGANEKTSQPVIHYHINNDNRTYDNRVFDNRVYDNSYHENPENDAQSPTSQTNDLLSRNGNSLLNPQRALVQKVTSVLPHSISDTVQTFANNSALEKVFNHTPDNSDGIGSDLLTTSSQERSANNSLSRGHRPLNIQNSSTTPPLHPEGVTSSNDNSSDTTKSSASLSHRVASQINKFNSNTDSKVLQTDFFSRNGDTYLTRETIFEASKKVTNSLSNLISLIGTKSGTQERELQEKSKDITKSTTEHRINNKLKVTDANTINYVTETNADTIDKNHAIYEKAKEVSSALSKVLSKIDDTSAELLTDDISDLKNNNDITAENNNIYKAAKDVTTSLSKVLKNINKD"
"113",">tr|Q3YVE5|Q3YVE5_SHISS Phospholipase A1 OS=Shigella sonnei (strain Ss046) OX=300269 GN=pldA PE=3 SV=1","MRTLQGWLLPVFMLPMAVYAQEATVKEVHDAPAVRGSIIANMLQEHDNPFTLYPYDTNYLIYTQTSDLNKEAIASYDWAENARKDEVKFQLSLAFPLWRGILGPNSVLGASYTQKSWWQLSNSEESSPFRETNYEPQLFLGFATDYCFAGWTLRDVEMGYNHDSNGRSDPTSRSWNRLYTRLMAENGNWLVEVKPWYVVGNTDDNPDITKYMGYYQLKIGYHLGDAVLSAKGQYNWNTGYGGAELGLSYPITKHVRLYTQVYSGYGESLIDYNFNQTRVGVGVMLNDLF"
"114",">tr|Q3YVW7|Q3YVW7_SHISS Putative adhesin OS=Shigella sonnei (strain Ss046) OX=300269 GN=SSON_3803 PE=4 SV=1","MNKIFKVIWNPATGNYTVTSETAKSRGKKSGRSKLLISALVAGGMLSSFGALANAGNDNGQGVDYGSGSAGDSWVAIGKGAKANTFMNTSGSSTAVGYDAIAEGQYSSAIGSKTHAIGGASMAFGVSAISEGDRSIALGASSYSLGQYSMALGRYSKALGKLSIAMGDSSKAEGANAIALGNATKATEIMSIALGDTANASKAYSMALGASSVASEENAIALGRSSVASGTDSLAFGRQSLASAANAIAIGAETEAAENATAIGNNAKAKGTNSMAMGFGSLADKVNTIALGNGSQALADNAIAIGQGNKADGVDAIALGNGSQSRGLNTIALGTASNATGDKSLALGSNSSANGINSVALGADSIADLDNTVSVGNSSLKRKIVNVKNGAIKSDSYDAINGSQLYAISDSVAKRLGGGAAVDVDDGTVTAPTYNLKNGSKNNVGAALAVLDENTLQWDQTKGKYSAAHGTSSPTASVITDVADGTISASSKDAVNGSQLKATNDDVEANTANIATNTSNIATNTASIATNTTNITNLTDSVGDLQADALLWNETKKAFSAAHGQDTTSKITNVKDADLTADSTDAVNGSQLKTTNDAVATNTTNIANNTSNIATNTTNISNLTETVTNLGEDALKWDKDNGVFTAAHGTETTSKITNVKDGDLTTGSTDAVNGSQLKTTNDAVATNTTNIATNTTNISNLTETVTNLGEDALKWDKDNGVFTAAHGNNTASKITNILDGTVTATSSDAINGSQLYDLSSNIATYFGGNASVNTDGVFTGPTYKIGETNYYNVGDALAAINSSFSTSLGDALLWDATAGKFSAKHGTNGDASVITDVADGEISDSSSDAVNGSQLHGVSSYVVDALGGGAEVNADGTITAPTYTIANADYDNVGDALNAIDTTLDDALLWDADAGENGAFSAAHGKDKTASVITNVANGAISAASSDAINGSQLYTTNKYIADALGGDAEVNADGTITAPTYTIANAEYNNVGDALDALDDNALLWDETANGGAGAYNASHDGKASIITNVANGSISEDSTDAVNGSQLNATNMMIEQNTQIINQLAGNTDATYIEENGAGINYVRTNDNDLAFNDASASGVGATAVGYNAVASGASSVAIGQNSSSTVDTGIALGSSSVSSRVIAKGSRDTSVTENGVVIGYDTTDGELLGALSIGDDGKYRQIINVADGSEAHDAVTVRQLQNAIGAVATTPTKYFHANSTAEDSLAVGEDSLAMGAKTVVNGNAGIGIGLNTLVLADAINGIAIGSNARANHANSIAMGNGSQTTRGAQTGYTAYNMDAPQNSVGEFSVGSEDGQRQITNVAAGSADTDAVNVGQLKVTDERVAQNTQSITNLNNQVTNLDTRVTNIENGIGDIVTTGSTKYFKTNTDGVDANAQGKDSVAIGSGSIAAADNSVALGTGSVAEEENTISVGSSTNQRRITNVAAGVNATDAVNVSQLKSSEAGGVRYDTKADGSIDYSNITLGGGNGSTTRISNVSAGVNNNDAVNYAQLKQSVQETKQYTDQRMVEMDNKLSKTESKLSGGIASAMAMTGLPQAYTPGASMASIGGGTYNGESAVALGVSMVSANGRWVYKLQGSTNSQGEYSAALGAGIQW"
"115",">tr|Q3YYX7|Q3YYX7_SHISS Putative iron-regulated protein OS=Shigella sonnei (strain Ss046) OX=300269 GN=cjrA PE=4 SV=1","MSINIWKHIVSDGNMRKFILISMITLASVSLGACRQNVTIKQDAPGQKAFLTDGQIYDLHSGKIISSSELLADLATARHLIIGEKHDNAEHHQIELWLIQNLLIQRPQGSVLLEMLTSEQQPRVNQVKCWLKDNPVVRDSRVQELLNWQKGWSWEMYGDIVMQLLRGPYPLLNANIGREQMLALYKKNEFPKGKKSTAPVVQEALRETIISMHEGNLESQQLTSMLSIQQQRDRYMARQLLSAPVPSLLIAGGYHASKSMGVPLHMEDLATGTHPVVLMLAEKGMNITVDHADYVWFVAPDTTKR"
"116",">tr|Q3YZ75|Q3YZ75_SHISS Outer membrane protein assembly factor BamC OS=Shigella sonnei (strain Ss046) OX=300269 GN=nlpB PE=3 SV=1","MMAYSVQKSRLAKVAGVSLVLLLAACSSDSRYKRQVSGDEAYLEAAPLAELHAPAGMILPVTSGDYAIPVTNGSGAVGKALDIRPPAQPLALVSGARTQFTGDTASLLVENGRGNTLWPQVVSVLQAKNYTITQRDDAGQTLTTDWVQWNRLDEDEQYRGRYQISVKPQGYQQAVTVKLLNLEQAGKPVADAASMQRYSTEMMNVISAGLDKSATDAANAAQNRASTTMDVQSAADDTGLPMLVVRGPFNVVWQRLPAALEKVGMKVTDSTRSQGNMAVTYKPLSDSDWQELGASDPGLASGDYKLQVGDLDNRSSLQFIDPKGHTLTQSQNDALVAVFQAAFSK"
"117",">tr|Q3YZG2|Q3YZG2_SHISS Multidrug resistance protein K OS=Shigella sonnei (strain Ss046) OX=300269 GN=emrK PE=4 SV=1","MEQINSNKKQSNRKKYFSLLVIVLFIAFSGAYAYWSMELEDMISTDDAYVTGNADPISAQVSGSVTVVNHKDTNYVRQGDILVSLDKTDATIALNKAKNNLANIVRQTNKLYLQDKQYSAEVASARIQYQQSLEDYNRRVPLAKQGVISKETLEHTKDTLISSKAALNAAIQAYKANKALVMNTPLNRQPQVVEAADATKEAWLALKRTDIRSPVTGYIAQRSVQVGETVSPGQSLMAVVPARQMWVNANFKETQLTDVRIGQSVNIISDLYGENVVFHGRVTGINMGTGNAFSLLPAQNATGNWIKIVQRVPVEVSLDPKELMEHPLRIGLSMTATIDTKDEDIAEMPELASTVTSMPAYTSKALVIDTSPIEKEISNIISHNGQL"
"118",">tr|Q3Z0D0|Q3Z0D0_SHISS Multidrug resistance protein MdtA OS=Shigella sonnei (strain Ss046) OX=300269 GN=mdtA PE=3 SV=1","MLLLDACSQMCPSFRRFPTVFHNSSIFLPYWLATLVSFRETFQEEKLLTMKGSYKSRWVIVVVIAAIAAFWFWQGRNDSQSAAPGATKQAQQSPAGGRRGMRSGPLAPVQAATAVEQAVPRYLTGLGTIIAANTVTVRSRVDGQLMALHFQEGQQVKAGDLLAEIDPSQFKVALAQTQGQLAKDKATLANARRDLARYQQLAKTNLVSRQELDAQQALVSETEGTIKADEASVASAQLQLDWSRITAPVDGRVGLKQVDVGNQISSGDTTGIVVITQTHPIDLVFTLPESDIATVVQAQKAGKTLVVEAWDRTNSKKLSEGTLLSLDNQIDATTGTIKVKARFNNQDDALFPNQFVNARMLVDTEQNAVVIPTAALQMGNEGHFVWVLNSENKVSKHLVTPGIQDSQKVVIRAGISAGDRVVTDGIDRLTEGAKVEVVEAQSATTPEEKATSREYAKKGARS"
"119",">tr|Q3Z2I2|Q3Z2I2_SHISS RING-type E3 ubiquitin transferase OS=Shigella sonnei (strain Ss046) OX=300269 GN=ipaH_3 PE=3 SV=1","MSIMLPINNNFSLSQNSFYNTISGTYADYFSAWDKWEKQALPGENRNEAVSLLKECLINQFSELQLNRLNLSSLPDNLPPQITVLEITQNALISLPELPASLEYLDACDNHLSTLPELPASLKHLDVDNNQLTMLPELPALLEYINADNNQLTMLPELPTSLEVLSVRNNQLTFLPELPESLEALDVSTNLLESLPAVPVRNHHSEETEIFFRCRENRITYIPENILSLDPTCTIILEDNPLSSRIRESLSQQTAQPDYHGPRIYFSMSDGQQNTLHRPLADAVTAWFPENKQSDVSQIWHAFEHEEHANTFSAFLDRLSDTVSARNTSGFREQVAAWLEKLSASAELRQQSFAVAADATESCEDRVALTWNNLRKTLLVHQASEGLFDNDTGALLSLGREMFRLEILEDIARDKVRTLHFVDEIEVYLAFQTMLAEKLQLSTAVKEMRFYGVSGVTANDLRTAEAMVRSREENEFTDWFSLWGPWHAVLKRTEADRWALAEEQKYEMLENEYPQRVADRLKASGLSGDADAEREAGAQVMRETEQQIYRQLTDEVLALRLSENGSQLHHS"
"120",">tr|Q3Z347|Q3Z347_SHISS Probable lipid II flippase MurJ OS=Shigella sonnei (strain Ss046) OX=300269 GN=mviN PE=3 SV=1","MNLLKSLAAVSSMTMFSRVLGFARDAIVARIFGAGMATDAFFVAFKLPNLLRRIFAEGAFSQAFVPILAEYKSKQGEDATRVFVSYVSGLLTLALAVVTVAGMLAAPWVIMVTAPGFADTADKFALTSQLLKITFPYILLISLASLVGAILNTWNRFSIPAFAPTLLNISMIGFALFAAPYFNPPVLALAWAVTVGGILQLVYQLPHLKKIGMLVLPRINFHDAGAMRVVKQMGPAILGVSVSQISLIINTIFASFLASGSVSWMYYADRLMEFPSGVLGVALGTILLPSLSKSFASGNHDEYNRLMDWGLRLCFLLALPSAVALGILSGPLTVSLFQYGKFTAFDALMTQRALIAYSVGLIGLIVVKVLAPGFYSRQDIKTPVKIAIVTLILTQLMNLAFIGPLKHAGLSLSIGLAACLNASLLYWQLRKQKIFTPQPGWMAFLLRLVVAVLVMSGVLLGMLHIMPEWSLGTMPWRLLRLMAVVLAGIAAYFAALAVLGFKVKEFARRTV"
"121",">tr|Q3Z362|Q3Z362_SHISS Lipid A biosynthesis acyltransferase OS=Shigella sonnei (strain Ss046) OX=300269 GN=htrB PE=3 SV=1","MTNLPKFSTALLHPRYWLTWLGIGVLWLVVQLPYPVIYRLGCGLGKLALRFMKRRAKIVHRNLELCFPEMSEQERRKMVVKNFESVGMGLMETGMAWFWPDRRIARWTEVIGMEHIRDVQAQKRGILLVGIHFLTLELGARQFGIQEPGIGVYRPNDNPLIDWLQTWGRLRSNKSMLDRKDLKGMIKALKKGEVVWYAPDHDYGPRSSVFVPLFAVEQAATTTGTWMLARMSGACLVPFVPRRKPDGKGYQLIMLPPECSPPLDDAETTAAWMNKVVEKCIMMAPEQYMWLHRRFKTRPEGVPSRY"
"122",">tr|Q3Z534|Q3Z534_SHISS Sensitivity to microcin B17, possibly envelop protein OS=Shigella sonnei (strain Ss046) OX=300269 GN=sbmA PE=4 SV=1","MFKSFFPKPGAFFLSAFVWALIAVIFWQAGGGDWVARITGASGQIPISAARFWSLDFLIFYAYYIVCVGLFAFFWFIYSPHRWQYWSILGTALIIFVTWFLVEVGVAVNAWYAPFYDLIQTALSSPHKVTIEQFYREVGVFLGIALIAVVISVLNNFFVSHYVFRWRTAMNEYYMANWQQLRHIEGAAQRVQEDTMRFASTLENMGVSFINAIMTLIAFLPVLVTLSAHVPELPIIGHIPYGLVIAAIVWSLMGTGWLAVVGIKLPGLEFKNQRVEAAYRKELVYGEDDATRATPPTVRELFSAVRKNYFRLYFHYMYFNIARILYLQVDNVFGLFLLFPSIVAGTITLGLMTQITNVFGQVRGAFQYLINSWTTLVELMSIYKRLRSFEHELDGDKIQEVTHTLS"
"123",">tr|Q3Z5K7|Q3Z5K7_SHISS Outer membrane protein receptor/transporter for ferrichrome, colicin M, and phages T1, T5, and phi80 OS=Shigella sonnei (strain Ss046) OX=300269 GN=fhuA PE=3 SV=1","MARSKTAQPKHSLRKIAVVVATAVSGMSVYAQAAVEPKEDTITVTAAPAPQESAWGPAATIAAKHSATATKTDTPIEKTPQSISVVTNEEMQMRQFQSVKEALGYTPGVTVSSRGASNTYDFVIIRGFSSVGLNQNNYLDGLKLQGNFYNDAVIDPYMLERVELMRGPTSVLYGKSNPGGIISMVSKRPTTEPLKEIQFKMGTDNLFQTGFDFSDALDDNGEFSYRLTGLARSTNEQQKNSESQRYTIAPSFSWRPDDKTNFTFLSYFQNEPETGYYGWLPKEGTVEPLPNGKRLPTDFNEGASNNTYSRNQKMVGYSFEHGFNDTFTVRQNLRFSEMKTSQKSVYGTGIAGDGHTLNRGTVVDNERLQNFSVDTQLESKFATGDVEHTLLTGVDFMRMRNDINASFGSAPSIDLYNKYHPEYFAFGSAEPYQMNESKQTGIYVQDQAEWNKWVFTLGGRYDWSKQATTVRENSYTPTEGYIERNDHQFTWRGGVNYLFDNGISPYFSYSQSFEPSAFDLWSNPRISYKPSKGEQYEAGVKYVPNDMPVVVTGAVYQLTKTNNLTADPTNPLAQVPAGEIRARGVELEAKAALNANINLTASYTYTDAEYTKDTNLKGKTPEQVPEHMASLWGDYTFNEGPLSGLTLGTGGRFIGSSYGDPANTFKVGSTAVMDAVVKYDLARFGMAGSSLAVNVNNLLDREYVASCFQTYGCFWGAERQVVATATFRF"
"124",">tr|Q46123|Q46123_CAMJU Peptidoglycan-associated lipoprotein OS=Campylobacter jejuni OX=197 GN=omp18 PE=3 SV=1","MKKILFTSIAALAVVISGCSTKSTSVSGDSSVDSNRGSGGSDGWDIDSKISQLNDTLNKVYFDFDKFNIRPDMQNVVSTNANIFNTEVSGVSITVEGNCDEWGTDEYNQALGLKRAKAVKEALIAKGVNADRIAVKSYGETNPVCTEKTKACDAQNRRAEFKLSR"
"125",">tr|Q47117|Q47117_ECOLX CotA OS=Escherichia coli OX=562 GN=cotA PE=4 SV=1","MKLNKIIGALVLSSTFVSMGASAAEKNITVTASVDPTIDLMQSDGTALPSAVNIAYLPGEKRFESARINTQVHTNNKTKGIQIKLTNDNVVMTNLSDPSKTIPLEVSFAGTKLSTAATSITADQLNFGAAGVETVSATKELVINAGSTQQTNIVAGNYQGLVSIVLTQEP"
"126",">tr|Q47118|Q47118_ECOLX CotC OS=Escherichia coli OX=562 GN=cotC PE=4 SV=1","MRAFNKITVFILFIPGLCFGTNGLESKKNIPEEFIDLWMEQDELLEVNLYGRSLGVHRVLTTPTTVKFSSVEEILEKINVKQEKKEDLRSLLLQSYSRNGNMSCNGFDEKEYSCNYIRTDTVNVIVDEENNELNLFIGASFLSVQAQDNIYYQKNINSEKAFIHSQTINFSESEGYKSLSLKGVGAQGLTENSYLVFGWDAIYNSSRKYTYKNQSINNIYYRYDFDKKYYYQLGRMDRSDLSSASSGNFNFNMLPLPDIDGFQIGTTQSYIKNIEKSISSPVTVMLTRFSRVEAFRNEELLGVWYLNSGINDLDTSRLPDGSYDLTLKIFEQDILVREEKVPFNKGGASFGDMQWDVFAQAGNIVNNNDSYIEKQTNKKTGINAGIRTPVTRNLSFLQGGAIIDNDKYYEAGVNWRSGFLDGVLSGNFSFLYGDGARGNYQNISYTDGFNLSFYRNDKSVDNCSHNYSAGWSGCYESYSFSLSVPVSGWTTTLGYNHTNNEAVHKYDYTPEYFFSKKYKGVSKRWQLTSSSSYKWMDYHVIPTIGVYRSDQSRWSEQGGYFSLSFTRVKENSAINAGYSYNYVKHKNATHEAFLDGRITTNTFGYSELGSRINTNKNNTEAGVTGRVKNRFGDLNGSLNVNKSKTSGKMTHSMSANYNSSFAITGDSVYWGGDASGLTKLSGGVVNVRSDDKSKELIKISGSSYGNYILGSNDRSFIPVSALMPSNLTIEEIQSNDKNITVQALSKNDFFILPGNVFPIDVTANVTVSYIGRALDDKGNPLSNAHILDVHGVRLDEDGGFSFETSAQKKSLFLLKDKDIYSCDVKKYDLRSGVLFTGDLICEHSGIERLGKDLVNNPRVKQLLAYK"
"127",">tr|Q47119|Q47119_ECOLX CotD OS=Escherichia coli OX=562 GN=cotD PE=4 SV=1","MKKVIFVLSMFLCSQVYGQSWHTNVEAGSINKTESIGPIDRSAAASYPAHYIFHEHVAGYNKDHSLFDRMTFLCMSSTDASKGACPTGENSKSSQGETNIKLIFTEKKSLARKTLNLKGYKRFLYESDRCIHYVDKMNLNSHTVKCVGSFTRGVDFTLYIPQGEIDGLLTGGIWEATLELRVKRHYDYNHGTYKVNITVDLTDKGNIQVWTPKFHSDPRIDLNLRPEGNGKYSGSNVLEMCLYDGYSTHSQSIEMRFQDDSQTGNNEYNLIKTGEPLKKLPYKLSLLLGGREFYPNNGEAFTINDTSSLFINWNRIKSVSLPQISIPVLCWPANLTFMSELNNPEAGEYSGILNVTFTPSSSSL"
"128",">tr|Q5SF88|Q5SF88_ECOLX CS17 fimbriae minor subunit OS=Escherichia coli OX=562 GN=csbD PE=4 SV=1","MKKIFIFLSIIFSAVVSAGRYPETTVGNLTKSFQAPRQDRSVQSPIYNIFTNHVAGYSLSHNLYDRIVFLCTSSSNPVNGACPTLGTSGVQYGTTTITLQFTEKRSLIKRNINLAGNKKPIWENQSCDTSNLMVLNSKSWSCGHYGNANGTLLNLYIPAGEINKLPFGGIWEATLILRLSRYGEVSSTHYGNYTVNITVDLTDKGNIQVWLPGFHSNPRVDLNLHPIGNYKYSGSNSLDMCFYDGYSTNSDSMVIKFQDDNPTYSSEYNLYKIGGTEKLPYAVSLLMGEKIFYPVNGQSFTINDSSVLETNWNRVTAVAMPEVNVPVLCWPARLLLNADVNAPDAGQYSGQIYITFTPSVENL"
"129",">tr|Q64857|Q64857_ADE40 E4 ORF6/7;ORF6/7 OS=Human adenovirus F serotype 40 OX=28284 GN= PE=4 SV=2","MMQRDRWFRCRLSSYQTHRLPPPSEDSVPIATMERTPGLLECEHLNMHYSSALDSTVLLDDVSEGFISITDQRFASKEPVLILSQKNRCVNPKLQLFAVVQGEREVYKVKWKGGGRLTVRIL"
"130",">tr|Q64859|Q64859_ADE40 22K OS=Human adenovirus F serotype 40 OX=28284 GN= PE=4 SV=1","MPPKGNKHPIAQRQSQQKLQKQWDEEETWDDSQAEEVSDEEAEEQMESWDSLDEEDLEDVEEETIASDKAPSFKKPVRSQPPKTIPPLPPQPCSLKASRRWDTVSIAGSPTAPAGKQPKRARRGYCSWRAHKSNIVACLQHCRGNISFARRYLLFHDGVAVPRNVLYYYRHLYSPYETFGENTSSA"
"131",">tr|Q64860|Q64860_ADE40 E3 CR1-alpha1 OS=Human adenovirus F serotype 40 OX=28284 GN= PE=4 SV=1","MKICVLFCVLSLTSSLRTSPTTVGSLRQLQDSTKGTHQTLYFSESTTSIALNCSCRNQLVQWRANRQFCKLFWDALIVQGNNSLCNNCTATTLTLTPPFVPGPYLCIGTGRGPSCFNRWTLQKENLTTTTLLPLTTYTFSQKKNYFLPIIALLAFVCVITANYILIFNLDNFY"
"132",">tr|Q64861|Q64861_ADE40 E3 CR1-beta1 OS=Human adenovirus F serotype 40 OX=28284 GN= PE=4 SV=1","MLLFLLCLLFCSAYAAVPEKTLNNLVRVYALVGTNLSLDSMKTPQIDELTSLSWIKQEDNPNKNLQSFFFIGQKLCEVTKDKITVFNYYPLEFSCANVTLYLYNLKTDDSGLYNGKAHTKELEHNTYVRLYVIDIPPPKCDITSRYLGIQATGEDYCLIEINCTNSKYPAVVKFNGRQSNFYHYVSENGNKKLPNFYETHITVNGTHKSFHFNYPFNDLCQTTSALQYNDNVQVVLILLIVVGLIIISASLILLYCHRKKIKAKVQHQPVHICLEK"
"133",">tr|Q64862|Q64862_ADE40 E3 RID-alpha OS=Human adenovirus F serotype 40 OX=28284 GN= PE=4 SV=1","MVTPLLLLVCLPIIYASTTFAAVSHLDTDCLPALLTYLIFTSVCCTAICSIATFFVAIFQTADYLYVRVAYYRHHPQYRNHEVATLLCLS"
"134",">tr|Q64863|Q64863_ADE40 E3 14.7K OS=Human adenovirus F serotype 40 OX=28284 GN= PE=4 SV=1","MSDQLEIDGQCTEQLILARRKLKQQNQELFNLQALHQCKKGLFCLVKQAELCYDVTQQGHELSYTLNKQRQSFMTMVGVKPIKVTQQSGPVEGSILCQCTNPECMYTMVKTLCGLRELLPFN"
"135",">tr|Q64864|Q64864_ADE40 U OS=Human adenovirus F serotype 40 OX=28284 GN= PE=4 SV=3","MKIVGQGKKVNTDIPFRTWRKFAARWHIPYESWEEGQVVLLEKLDKQLISNL"
"136",">tr|Q64866|Q64866_ADE40 E4 ORF4 OS=Human adenovirus F serotype 40 OX=28284 GN= PE=4 SV=1","MPLPSLPPPPVSRDQGLCISWLELALTCCLNVYGDIIRYNVSISPRAEELLSGLQEWLNVALKTERARQRNRRFANICWQRVRFLKQKYEAVRELLIYDATRQMVSLQTEFVPNPPSSTSL"
"137",">tr|Q64867|Q64867_ADE40 E4 ORF3;ORF3 OS=Human adenovirus F serotype 40 OX=28284 GN= PE=4 SV=1","MKVCLRMTVEGALNKLFELHGASLQEILMDVLRGWQAENYLGIIQDCSLMFEDFEENAFAMFVFLEVRVPALVEAVIGNLENRIFFDLAVIFHQRSGGERCDLRDLHFGSLYNRLE"
"138",">tr|Q64868|Q64868_ADE40 E4 ORF2 OS=Human adenovirus F serotype 40 OX=28284 GN= PE=4 SV=1","MYLLRPVFISVVVPEPLMFYLNNMDISVVDFLKTNMSEFLLHILHCVTPVLQAAYCGFTLTSLAPTLEMICCVASPELLPDSELTELICNDLDDFVQLMLRMEIRDRGFEPNVNLLNELQVTREPDLFQP"
"139",">tr|Q67716|Q67716_ADE41 Pre-hexon-linking protein IIIa OS=Human adenovirus F serotype 41 OX=10524 GN=L1 IIIa PE=2 SV=1","MQRSTAVVDGSQQVDPAMLAALQSQPSGVTPSDDWAAAMDRILALTTRNPEAFRQQPQANRFSAILEAVVPSRTNPTHEKVLAIVNALTESKAIRKDEAGLIYNALLERVARYNSTNVQANLDRLTTDVREAVAQRERFMHDTNLGSQVALNAFLSTLPANVPRGQEDYVSFISALRLLVAEVPQSEVYQSGPDYFFQTSRQGLQTVNLTQAFKNLQGMWGVRAPVGDRATISSLLTPNTRLLLLLIAPFTNSSTISRDSYLGHLITLYREAIGQTQVDEQTFQEITSVSRALGQQDTGSLEATLNFLLTNRQQKIPSQFTLSTEEERILRYVQQSVSLYLMREGMTPSSALDMTARNMEPSLYSSNRPFINRLMDYLHRAAAMNSEYFTNAILNPHWMPPSGFYTGEFDMPEGDDGFLWDDVSDSIFVPARYRKKEGGDELPLPLVEAASRGQSPFPSLPSLVSSSNSGRVLRPRLPGETDYLNDPLLQPVRNKNFPNNGVESLVDKMNRWKTYAQEQREWEESQSRPLAGPFSRWRRREDDQDDSADDNSVLDLGGTGASSNPFAHLRPQGRLGRLY"
"140",">tr|Q76UW4|Q76UW4_ADE40 Penton protein OS=Human adenovirus F serotype 40 OX=28284 GN=L2 PE=2 SV=1","MRRAVGVPPVMAYAEGPPPSYESVMETADLPATLQALHVPPRYLGPTEGRNSIRYSELAPLYDTTRVYLVDNKSADIASLNYQNDHSNFQTTVVQNNDFTPTEAGTQTINFDDRSRWGGDLKTILRTNMPNINEFMSTNKFRARVMVEKVNRKTNAPRYEWFEFTLPEGNYSETMTIDLMNNAIVDNYLAVGRQNGVLESDIGVKFDTRNFRLGWDPVTKLVMPGVYTNEAFHPDIVLLPGCGVDFTQSRLNNLLGIRKRMPFQKGFQIMYEDLEGGNIPALLDVEKYEASIKEAQEIRGADFKPNPQDLEIVPVEKDSKERSYNLLEGDKNNTAYRSWFLAYNYGDAEKGVKSWTLLTTTDVTCGSQQVYWSLPDMMQDPVTFRPSTQVSNYPVVGVELLPVHAKSFYNEQAVYSQLIRQSTALTHIFNRFPENQILVRPPAPTITTVSENVPALTDHGTLPLRSSISGVQRVTITDARRRTCPYVHKALGIVAPKVLSSRTF"
"141",">tr|Q76UW5|Q76UW5_ADE40 Pre-hexon-linking protein IIIa OS=Human adenovirus F serotype 40 OX=28284 GN=IIIa protein PE=2 SV=1","MLRSTAVADGSQQVNPAMLAALQSQPSGVTPSDDWAAAMDRILALTTRNPEAFRQQPQANRFSAILEAVVPSRTNPTHEKVLAIVNALVESKAIRKDEAGLIYNALLERVARYNSTNVQANLDRLTTDVREAVAQRERFMHDVNLGSQVALNAFLSTLPANVPRGQEDYVSFISALRLLVAEVPQSEVYQSGPDYFFQTSRQGLQTVNLTQAFKNLQGMWGVRAPVGDRATISSLLTPNTRLLLLLIAPFTNSSTISRDSYLGHLITLYQEAIGQTQVDEQTFQEITSVSRALGQQDTSSLEATLNFLLTNRRQKIPSQFTLNSEEERILRYVQQSVSLYLMREGATASSALDMTARNMEPSLYSSNRPFINRLMDYLHRAAAMNSEYFTNAILNPHWMPPSGFYTGEFDVPEGDDGFLWDDVSESIFEPMRSRKKEGGDELPLSLVEAASRGQTPVPSLPSLTSSSSGRVFRPRLPGELDYLSDPLLRPARKKNFPNNGVESLVDKMNRWKTYAQEQREERQPRPLTGTFSRWRRREEDAYDSADDSSVLDLGGTGAASDPFAHLRPQGQLGRLY"
"142",">tr|Q76UW7|Q76UW7_ADE41 E3 12.3 kDa protein (Homologous to Ad2 E3 14.5 kDa protein);E3 12.3 kd protein;E3 14.5K;E3 14.5K protein;Membrane protein E3 RID-beta OS=Human adenovirus F serotype 41 OX=10524 GN= PE=4 SV=1","MKVPLLCLILLHKVLANCHLHRPTEFLRCYSTETSSFWLYSIIFILIFFATFLGLQIYGCLHLGWMHPPNNLPRFPGFLLQPPPPPPAPVQRAPSVISYFHLNSEDV"
"143",">tr|Q848J6|Q848J6_ECOLX CS17 fimbriae outer membrane usher protein OS=Escherichia coli OX=562 GN=csbC PE=4 SV=1","MVSKNFSKLSIVLFFFLSSPLGFADKNKITNIPESFRDLWGEQDGFLEVRFYGQSLGVHRIKLTPTTVAFESPDSLLDKIEINKEKEADLRVLMRGSFQRNGNMSCQGYTGQNNCNYIKTNTVAVIVDDVENVLNLFIGNEFLASGENDSDYYQPSKNTKKAFIHSQTINLSDTGNYENLSIVGTGSLGITDNSYAILGWAANYNRYKSYNYNEQSINSLYFRHDFEKNFYYQLGRIDRTDLSQSSGGNFNFDLLPVPDIYGMRAGTTQSYIKNTGKSVASPVTIMLTHFSRVEAYRNGQLLGVWYLDAGISELDTERLPDGNYDLKLKIFEQEQLVREEIVPFNKSGSSIGDTHWDVFVQAGDIINDNGRYVEKQKNHKSAINSGLRLPLTRNLAVQLGGAVIDNKNYYETGILWNSGFLDGSLNSKFTFLFGDDTHGNYQNVSYTDGFNLSFYHNDKRVNDCGKDYNMGWSGCYESYSASLSIPVKGWNSTLAYSNTYSTSVYRYDAVSEYVPYSYYKGRTKRWQLTASTVVRWGDYNIMPTIGVYNSEQKQWADKGGYLSLTLTRVDGGKSLNAGYSYNYSRGNYTSNDAFVEGRLVSDTNVSYRELSARVSGNRYYTEGGVSGRINNRFGDLNGTLSVNKNRKSHDTTHSLTAGYSSSFALTTDGIYWGGSASGLTNLSGGIVRVKSNEDESELLNVKGSSYGNYSLGSNDSLFIPVPALMQASLTIKENTNKSKNIDVLAPTKNTFFMLPGSVYPIDVSANVSFTYVGRGVDVKGRPLSGAYILNAQNIVLDENGGFSFESSENEKELFLLKDKTIYSCSLDRSEMRNGIVFVGEVACNSTIKELLPEKLVTNSRIHDLLAYNQDTE"
"144",">tr|Q848J7|Q848J7_ECOLX CS17 fimbriae major subunit OS=Escherichia coli OX=562 GN=csbA PE=4 SV=1","MKLKKTIGAMAMATLFATMAASAVEKNITVRASVDPKLDLLQADGTSLPDSIALTYSSASNNFEVYSLNTAIHTNDKSKGVVVKLSASPVLSNIMKPNSQIPMKVTLGGKTLNTTDTEFTVDTLNFGTSGVENVSSTQQLTIHADTQGTAPEAGNYQGIISLIMTQKT"
"145",">tr|Q869D4|Q869D4_SCHMA IL-4-inducing protein OS=Schistosoma mansoni OX=6183 PE=1 SV=1","MFLIAVLSYTLISQLGITTSDSCKYCLQLYDETYERGSYIEVYKSVGSLSPPWTPGSVCVPFVNDTKRERPYWYLFDNVNYTGRITGLGHGTCIDDFTKSGFKGISSIKRCIQTKDGKVECINQPKRRRTYCRF"
"146",">tr|Q89461|Q89461_ADE40 E3 RID-beta;RID-beta OS=Human adenovirus F serotype 40 OX=28284 GN= PE=4 SV=1","MKVPLLCLILLHKVLANCHLHRPTEFLRCYSTETSSFWLYSIIFILIFFATFLGLQIYGCLHLGWMHPPNNLPRFPGFLLQPPPPPPAPVQRAPSVISYFHLNSEDV"
"147",">tr|Q89727|Q89727_ADE40 Packaging protein 3 OS=Human adenovirus F serotype 40 OX=28284 GN=L1 PE=2 SV=1","MHPVLRQMRPTAPPTQPPLPPPTSAPAAVALSGAGGGNPEEEAILDLEEGEGLARLGAPSPERHPRVQLKKDSRQAYVPPQNLFRDRSGQEPEEMRDRRFYAGQELRAGFNRQRVLRAEDFEPDEHSGISPARAHVSAADLVTAYEQTVNEERNFQKSFNNHVRTLVAREEVAIGLMHLWDFMEAYVQNPSSKPLTAQLFLIVQHSRDNEAFREAMLNIAEPEGRWLLDLVNILQSIVVQERSLSLADKVAAINYSMLSLGKFYARKIYKTPYVPIDKEVKIDSFYMRMALKVLTLSDDLGVYRNDRIHKAVSASRRRELSDRELMHSLRRALTGTGTDAETESYFDMGADLQWQPSARALEAAGYVGAEEDEEDYEDEP"
"148",">tr|Q98817|Q98817_ADE41 Control protein E3 14.7K;E3 14.0 kDa protein (Homologous to Ad2 E3 14.7 kDa protein);E3 14.0 kd protein;E3 14.7K;E3 14.7K protein OS=Human adenovirus F serotype 41 OX=10524 GN= PE=4 SV=1","MSDQLEIDGQRTEQLILARRKLKQQNQELFNLQALHQCKKGLFCLVKQAELCYDVTQQGHELSYTLNKQRQSFMTMVGVKPIKVTQQSGPVEGSILCQCTNSECMYTMVKTLCGLRELLPFN"
"149",">tr|Q98821|Q98821_ADE41 E3 10.1 kDa protein (Homologous to Ad2 E3 10.4 kDa protein);E3 10.1 kd protein;E3 10.1K;E3 10.1K protein;Membrane protein E3 RID-alpha OS=Human adenovirus F serotype 41 OX=10524 GN= PE=4 SV=1","MVTPLLLLVCLPIIYASTTFAAVSHLDTDCLPALLTYLIFTSVCCTAICSIATFFVAIFQTADYLYVRVAYYRHHPQYRNHEVAALLCLS"
"150",">tr|Q9U521|Q9U521_CRYPV 15 kDa glycoprotein gp15 OS=Cryptosporidium parvum OX=5807 GN=gp60 PE=4 SV=1","MRLSLIIVLLSVIVSAVFSAPAVPLRGTLKDVPVEGSSSSSSSSSSSSSSSSSTSTVAPANKARTGEDAEGSQDSSGTEASGSQGSEEEGSEDDGQTSAASQPTTPAQSEGATTETIEATPKEECGTSFVMWFGEGTPAATLKCGAYTIVYAPIKDQTDPAPRYISGEVTSVTFEKSDNTVKIKVNGQDFSTLSANSSSPTENGGSAGQASSRSRRSLSEETSEAAATVDLFAFTLDGGKRIEVAVPNVEDASKRDKYSLVADDKPFYTGANSGTTNGVYRLNENGDLVDKDNTVLLKDAGSSAFGLRYIVPSVFAIFAALFVL"
"151",">tr|W0RYJ1|W0RYJ1_ADE41 Pre-hexon-linking protein VIII OS=Human adenovirus F serotype 41 OX=10524 GN=L4 PE=2 SV=1","MSKEIPTPYMWSYQPQMGLAAGASQDYSSRMNWLSAGPHMIGRVNGIRATRNQILLEQAALTSTPRSQLNPPNWPAAQVYQENPAPTTVLLPRDAEAEVQMTNSGAQLAGGSRHVRFRGRSSPYSPGPIKRLIIRGRGIQLNDEVVSSLAGLRPDGVFQLGGAGRSSFTPRQAYLTLQSSSSQPRSGGIGTLQFVEEFVPSVYFNPFSGAPGLYPDDFIPNYDAVSESVDGYD"
"152",">tr|W0RYJ4|W0RYJ4_ADE41 Control protein E4orf4;Putative E4 protein 4 OS=Human adenovirus F serotype 41 OX=10524 GN= PE=4 SV=1","MPLPSLPPPPVSRDQGLCIAWLELALTCCLNVYGDIIRYDVSISPRAEELLSGLQEWLNTALKTERARQRNRRFANICWQRVRFLKQKYEAVRELLIYDATRQMVSLQTEFVPNPPPSTSL"
"153",">tr|W0RYQ2|W0RYQ2_ADE41 Early E1A protein OS=Human adenovirus F serotype 41 OX=10524 GN=E1A PE=3 SV=1","MRMLPDFFTGNWDDMFQGLLEAEHLFDFPEPSQAFEEISLHNLFDVELDESEGDPNEEAVDGMFPNWMLSEDHSADSGAASGDSGVGEDLVEVNLDLKCYEEGLPPSGSEADEAEERAEEEETAVSNYVNIAEGASQLVLDCPENPGRGCRACDFHRGSSGNPEAMCALCYMRLTGHCIYSPISDAEGECELGSNEETELPCSLTATAPVRPTPCRVSCRRRPAVDCIEDLLEEDPTDEPLNLSLKRPKSS"
"154",">tr|W0RYR2|W0RYR2_ADE41 E3 19.4 kDa;E3 19.4K;E3 19.4K protein;Membrane glycoprotein E3 CR1-alpha OS=Human adenovirus F serotype 41 OX=10524 GN= PE=4 SV=1","MKICVLFCVLSLTSSLKTSPTAVGSLRQLQDSNKGTHQTLYFSESTTSIALNCSCRNQLVQWRANRQFCKLFWDALIVQGNNSLCNNCTATTLTLTPPFVPGPYLCIGTGRGPSCFNRWTLQKENLTTTTLLPLTTYTFSQKKIYFLPIIALLAFVCVITANYILIFNLDNFY"
"155",">tr|W0RYR7|W0RYR7_ADE41 Control protein E4orf3;Putative E4 protein 3 OS=Human adenovirus F serotype 41 OX=10524 GN= PE=4 SV=1","MKVCLRMTVEGALNKLFELHGASLQEILMDVLRGWQAENYLGVIQDCSLMFEDFEENAFAMFVFLEVRVPALVEAVIGNLENRIFFDLAVIFYQRSGGERCDLRDLHFGWLYNRLE"
"156",">tr|W0RYX5|W0RYX5_ADE41 Control protein E4 34K;Putative E4 protein 6 OS=Human adenovirus F serotype 41 OX=10524 GN= PE=4 SV=1","MMQRDRWFRYKLSSYQTHRLPPPSEDFVPIATMERTPGLLECEHLNMHYVSEVRSIPSCAPFIVLQEWPMWWDMILSKWEKHVCRIYMRVCVCCATLNVDFNQIVRGFERWTIHCHCNKPGSLQCKAGGVVLANWFKMMIYGSLYNLRFPWYREIVNCGMPKEVLFMGSVFVRGRHIMYIRLLYDGHAAIVLERMSFGWSFFSYGIMNNMVVLGCTYCKNLDELSVRCCARRTRRLLAKAVKVLGSFTVRSLLKSLVEPRRQGLLRGLMERYCPFTLADYNRGENPWRA"
